-- phpMyAdmin SQL Dump
-- version 5.2.1
-- https://www.phpmyadmin.net/
--
-- Host: 127.0.0.1:3306
-- Waktu pembuatan: 09 Sep 2025 pada 20.18
-- Versi server: 10.4.32-MariaDB
-- Versi PHP: 8.1.25

SET SQL_MODE = "NO_AUTO_VALUE_ON_ZERO";
START TRANSACTION;
SET time_zone = "+00:00";


/*!40101 SET @OLD_CHARACTER_SET_CLIENT=@@CHARACTER_SET_CLIENT */;
/*!40101 SET @OLD_CHARACTER_SET_RESULTS=@@CHARACTER_SET_RESULTS */;
/*!40101 SET @OLD_COLLATION_CONNECTION=@@COLLATION_CONNECTION */;
/*!40101 SET NAMES utf8mb4 */;

--
-- Database: `buku_tamu_digital`
--

-- --------------------------------------------------------

--
-- Struktur dari tabel `failed_jobs`
--

CREATE TABLE `failed_jobs` (
  `id` bigint(20) UNSIGNED NOT NULL,
  `uuid` varchar(255) NOT NULL,
  `connection` text NOT NULL,
  `queue` text NOT NULL,
  `payload` longtext NOT NULL,
  `exception` longtext NOT NULL,
  `failed_at` timestamp NOT NULL DEFAULT current_timestamp()
) ENGINE=InnoDB DEFAULT CHARSET=utf8mb4 COLLATE=utf8mb4_unicode_ci;

-- --------------------------------------------------------

--
-- Struktur dari tabel `guests`
--

CREATE TABLE `guests` (
  `id` bigint(20) UNSIGNED NOT NULL,
  `name` varchar(255) NOT NULL,
  `institution` varchar(255) DEFAULT NULL,
  `purpose` text NOT NULL,
  `visit_date` date NOT NULL,
  `visit_time` time DEFAULT NULL,
  `phone` varchar(255) DEFAULT NULL,
  `email` varchar(255) DEFAULT NULL,
  `guest_category_id` bigint(20) UNSIGNED NOT NULL,
  `photo` varchar(255) DEFAULT NULL,
  `signature` text DEFAULT NULL,
  `notes` text DEFAULT NULL,
  `created_by` bigint(20) UNSIGNED NOT NULL,
  `created_at` timestamp NULL DEFAULT NULL,
  `updated_at` timestamp NULL DEFAULT NULL
) ENGINE=InnoDB DEFAULT CHARSET=utf8mb4 COLLATE=utf8mb4_unicode_ci;

--
-- Dumping data untuk tabel `guests`
--

INSERT INTO `guests` (`id`, `name`, `institution`, `purpose`, `visit_date`, `visit_time`, `phone`, `email`, `guest_category_id`, `photo`, `signature`, `notes`, `created_by`, `created_at`, `updated_at`) VALUES
(1, 'Yohanes', 'UKDW', 'Cek Keamanan', '2025-09-09', '21:33:00', '8098908', 'yohanesdewantara1@gmail.com', 1, 'guests/photos/p05lXh8rAvSzqwxDwlOd7FRKkXdmk9jVm5Tv03rZ.jpg', 'data:image/png;base64,iVBORw0KGgoAAAANSUhEUgAAA+IAAAEsCAYAAABHZwmmAAAQAElEQVR4AeydBZwsR7m3hw8InqDB3d0haJCggQDBHQIXCXKBYMHdLgQPzsUuDsEJDiFYgrs7BHcnwPd/NtubOn16Znd2Znq6e57zq3erutqqn5Ezb71S/2/kPwlIQAISkIAEJCABCUhAAhKQgARaI7AkRby15/NGEpCABCQgAQlIQAISkIAEJCCBThFYLUW8U+gdjAQkIAEJSEACEpCABCQgAQmsIgEV8RZedW8hAQlIQAISkIAEJCABCUhAAhKoCKiIVySGV/tEyyFw8dz2ZBHqXVNfLHKqyAUjZ4+cNnLRyGUi943cInKnyH9Hbha5T+TukVtF2H/n1A+LvDXyhshLIm+JHBL538ibIuyjfvl6+22pkden/r/I29flHamRV6d+c4Q2x7H/ndlGuBbnUbOffRxTCue+LsczBo6r9tF+VvoZ8/6peRaEZ/uvbPOc90h97wjPeK3U545cOEJ9hvWa7d3TPnPkIhGLBCQgAQlIQAISkIAEBkVARXxQL2cXHmbuY0BpRS6XK6PM3S71XSL3jKDM3TL1rSMPirw0gpKKoojSiqKKUvnc9KPAviD1iyIcc3BqFMhnpkaBfHLqN0YOjLwwwrH3S00fyiTH0Pf79L0nQv3h9foT6/UPU3828ocINcd8Lu1fRb4c+W7kZ5HPRz4VOSjymsiLI8+IoNw+PTVjQ4FmP+N9bPr2idwksl/kBpEbRu4Q2TfCPmrY0L5++pCbpkahv15qZO/UCMxutN7mOPZdN9sI53MeNceyj2NK4VwmDRgDx1X7aN8r12HMMOdZEJ4Npjznc7If5jzjoWl/M/LFCPVP1mu2f542PL+Q+heRb0R+HWH7q6npgzvnfCnbTBrwWj00bSYaHpz6IRFes9uk5n3AOKl5PzFRgKLPe+l02c9769Tr9UlT3zVCOQ9/ImeNUE6ZP0iqUdV3LjYiTCakskhAAhKQgAQkIAEJSGAyARXxyXzcuxgCp8llLxBB+cHqi8KJcvzu9P048ssIyut/UqO0Ih9PG2UOqy/K1bOzjTKH0vWq0Wj0pGzfMYKSiqKI0oqiilKJ0oUCi9KFtZZjUOJRzLDOokA+MOfeOPKECOPi2KelTR/KJMfQh5X7mumn3nO93mO9RrFLc6byp5x9WOQjUwqTAii8j8558xIUWJR7XqNprslrgSKOQo6ggKN8Pz9jY5zTPttvc97RkeNE+M46fmrKv/KH98hxU6M8XzX1pSJXiTB2Jmh4zXhf8D7gPUDNa874mDTgvcT7gdeY8xnnNXI+Y71yaiYAeL0/ljbn8Z5DmAjiOa6Y/m9FUMaZTOC98O1sXztyRIRJD15P3ncfyjY172Xem1/JNh4RTDgw1p9mm8mPV6S+ToT3IpNATKbAkXG+Kv03j+AlweeG56TvbuljTFwfbwyO5d54XvBZoM1kFp8NOPDeZeIFPmfLubyfmVjgOZiYOEX62GYigvc1Xh14LJwz/RYJSEACEpCABCQggRkJ8KN2xkt4ugTGEkCBQXlBicB1+sgcieKENRMlBMUaZQJFD8UB5eWMOQbLJD/802ytfCB3YowoOCiOKGpYxOlDMaN92RxDjfJFfdVsHxC5egQl7nypLxFBqaHeLW2UIp4H13QUyc0Et3aUJJTJaYT7w/FRuee8BKv8K3M9FPxprolXAUohSh7CxAYKJZMfjHOa5+LY82YM8MMSjds6lmdc13kdzpR9TOpwHO8ZFE0Uxguln3PgzetDzT5qXOSpmXzh2ijjKKN4UZwl5+FyzzVRoNn/3vRdIYLbPZM6CJZ9XqfD0894UL5RWj+ZbVjhEfGUtNnPe/yDacOR+qlpMyHxmNTcg+PfnzY1E1FpbqucOGdxDcYH70dkm/cpXgKPTJv64ak5hn300eZz+f30M+HFpALPwqQAfUxEMFHAxBjeB+yj5ji8PJh84Lijcj7n/CA1x/B5YkKBibLXpo8aYdLgZdlG4ML7g/GWNZMJTAAxgcL3AiEdTBDAmdeJ14jJAib0cimLBCQgAQlIQAIS6B8BFfH+vWZdGjEWNizFuE7jYs0P+t9lgPwYR+HGhRsLIz+scZ3GWpndCylYkrnvp3N13I9xS/+ftCtLLooJChk/6hEUsVL2yrFYDh+fGsURRRIrKX0oSbSxcFJjHaVGmUKZQLmijdKCK/ofcw1qXNRRbnCpxp063XMpXmR+BFAkuRqKZll/jY1ItZ/3VjZHv8kfJNWo6kPxZBvllBplk8kmXOV/lA68PQhLILyBmtAJlFdCEVBeCanAFZ+JKVzvUULxDsG1HuUdBZb3JOdjAee8x+W6KNnciz4s+Cj+TExwLBMe588xWNyZDGKSiDADJohQZPksMLHEpAV5DFBwqVF2UXrpp4+JCI5nMolJMvajwDOJwGcLRb4SlHsEZZ/PIR4LeDLwXUD7nxlPKVjrmQRh0qusmTCopGIHW16L7+UacEfxZ5tJAiYGEPbxGWSCgNeEPtjhwcDnFL5scy+2YQgrPuNMthFqQUgC3ghwggPeAExw8J2Bh8AJc3/aqSwSkIAEJCABCUhg+wRUxLfPbpXOxLKIZRvFAgUBZZsf17jYohxgReYHP4o2VmB+uM+Lz59zIayGKLqlYo0SgrKBnD7HYElGcbh02rju4n6LxbNSEpgQQGFGAUJymGU6Ah49UAIorEwaoeCiwJLHgHAAtlF2mUxgMolJA/bjMYKnBB4EKLZYt1Fu6Sd0hEk5cjZg0WZSAbf424bd7SP0ofwieDSUk2FVG0WXCQAUYfrOkfOYAMDjgH0oxHzm+Zyj+DMxUH3OqZkgYKKA9l9zLqELx0uNpBrtkj9MCPB9wTEci9BGuB7Pg/L/0RzLpBoTJHzf8T1Em+8SJlDwYGAyhONpk2uCCTsmEvhOZB8hMLAhxIAJQbZx8ec7Css+3gAkcWQ7txsxrlH+Vd+jTAZkc1TVtBUJSEACEpCABHpOQEW85y/gDMPntScjNT+Mca8mFhqXYixwWOxwycbyh2UPCxOKLMfgPo6yPcOtdziVH8r82OUHLi67xMiiXGN940c4sb+4ANNXKtaVRZrzUBx2uKgbAyLgo6w6ASzdTACgGDOJhhWczzwhA0wCoOQS/lJNAjBBgFs8fYQhYOVmIhFFF2WY7zwmCvAk4HuGMAS8e/AIQMEnzp8JPZT/KwU+HgUk+Lt82oRA0OZ7kvAEFHe8ERgDbcaDZ0IOHVsYC/H5HE/4DjUeOdR44hDWcP+cjbJP0kEmP6nflz4mNVD0+R6GCWNmAoDJCmq2+W4klAIFH6FNH9+leCflMiPqk6TB5AghHUwa4AXBJEe6R9VkABMfo/xjUiSVRQISkIAEJCCBeRFAGZvXtbxOtwnwAwtFGpdtrEG4imLZwaqDAoy1m+RQLDVFLC2u5CRsmkccJu7ZXB9LFT82ifvE2oOijdsnSbFQtB8QhO+KoFxjfUvTIoHlEPCuK08ARRdvgL+EBJMBeAj8bb3NigsozCjg5AEgLIc2IQ181xHiQmw8yj5LAKL44j2AAo8bPMkm+Q5kwgAFmHwMbKPc4xbPd/LVci8SH+IqT8153AtFn3vzXcoYqQl5oGY7pzUWlGmOqddMyOJZwAQEYTdMBnAfEgDyfwRjZxIEpZ7vZbwcmAzhOBIQ8tz834HrP9Z+ngVvBTylmABg/HhAMLnBpADXu2RGyGQEkyM8PyEVjAvPJrwDaOcQiwQkIAEJSGC4BFTEh/va8mRYOviBhVUbSxI/EMnWXLlocsw8hOuTQZofmSjbCMtbEQOKso1FiWzV/AhkHz9i+YE7j3t7DQkMiYDPIgG+q6GAsktdfVdSI3yP852L2zu5MVCEOY6abZI2olCjGCO06WNCFIUXZZ0aJRuLN8o0XgF4QqEoMxlA2ACWfqz/XBfvAK7FdzieCNRMmvKdz2QCY2IMTUJIAcejgKPc00aJx02fNmEOjAFlnzAAJjVosywhY6fNRAj9jJk255A8kfvj+cAkB5PKhCwR889kAco/9+T/PEIjeDYmO7D28zwo+zx/05jtk4AEJCABCSycgIr4whEv5QZYtPlhwjJgKL7zsGrzIFhJsNSQjAnXSJI9oWhjwcBlkx97/LBCcA/lhxPnKRKQQKcJODgJrBHA6k+jmgxA6WUb5Z0aZZywAJRerPDkCCGHBxZ6LOZY/1mKr0ooyP8JhDURAkCIAAoxkwCEB+CWj2JMEkE8olCOmbTFck4bpZp4fYT/U/h/Bys7SfbIUcIyhkwqI4yNXAAk3OP/PI6vzqPmXP7/4vl4JnIfoODzDOQ8oZ82+RKw+jMJwkQHz8H/pbR5ZkIPUP5R8hGeGWWf5+H/Q54T7zOUfITnY2yKBCQgAQlIYCcCKuI7IeltB8mNiPPjxwaWDWIJUZKnfSB+kBCLyI8drOm4DxKjTXwh8ZK4j7OPjOjEKk57fY+XgAQkcAwB/0pgNCJPCPHtKPusOMEKArT5f4gVK1CEif8/NLBQ9F+SGos3yyFiWUcJJvafeHfCnEguSsw8Cj+C1RurPDHxKMnVNso+yvI9cr2HrgvWdSYbULpZhvLk6SfzP9chpIs2SUk5HgUfQclngoClC3kOJjFQ8hH+PyXXytdzHRR9lHz6P5Nt/q/Gso9HAaEKJCMldIzJCnIGMEGBko9rP//30mYchHOR7A+l/0S5Ds+QyiIBCUhAAn0joCLet1ds5/HyA4Plw/iPnmzFuN/tfNTkni9mNwmBmNHHbQ9LBT8uuC79WDzIXp7DLBKQgAT6TcDRryQBYv2xdFeKMsr+d0KCmHYs3vz/iSW9kn2y71oRlH48vrDoowzjts//kyjFKMMo9yjGJDGlj30o+Qj7SECKlb7KzM9ENjkEuGcuv1ZQ8snbglWf/3s5vhoHE+Io+mwTFsD/x4ydSQn+f0axZ7KCzP1Y9J+WKzJJztJ/nMfzEbvPBAM5C+6V/U+MsIQhyQzxaMOyv3v62E41YrKCmmeh5jmoq23aigQkIAEJzEhARXxGgEs+nf9QWTeX/2ynGQpWB1wKyRzMf6zEAWL55j/vaa7jsRKQgAQksDUCHjVsAiwBiCKMFRxFGUHx/0QeGyUft3aUYaz7eK0Rg4/1G0UfN3wy49Nmcp0JdSzvKPZk9GdCgDaT5Fj9sYKjXGMtR+Enrp9YfpR1rPkk9OP6xPHn9o3lhOnleKzv1CQHpGaygVh84vmx2uN1QKw+/Z/OORyPdZ/fDTwvvyHwBGjK2M9YmRgg8SuJ+fBKwKUfDzvqqj+XHXEd+pkYYIIDa//IfxKQgASGTEBFvL+vLv+pkZF2mifAtQ83PDLWEkvHf9b8aJjmGh7bDwIsw4SHA+sU92PEjlICElgAAS85IAIovFj2seSjBOPWj8L/8TwjOVlwrf9K2iTP4/97YveJ2cd6jtUbKzxu8AfmmHdGzhzBYk7merL8s41Cj5KNIo/1HyWfiQH6mRwg6R8KO/elxsOAmu1crrFcKL0cc771mpUBBvBavAAAEABJREFU2GZJQGqW9EPJZ3UAxsPYyEdzVI7Hes9kBgn9eD4YMMFAG9f+g3IM13huas6lJhEg4Qp4MTC5QageCWNx9ydsgckOvBhQ/nlmnh+PgFzCUhBgFR08JvGIJJwCjsVumxKQwKwEVMRnJbic84nZJk4ON7atjOCjOQiljNnzg9PGlS2VZYAEsCTwehOLSMwiP2RYj1iFfIAvto8kgc4ScGB9JkBCO8aPkk1dTdiz/at0ENeOcoYynM0RSnpTxn7c6A/IAfyfROI6lDn+j6KfGoWbfjLgo+TjFcDEAe78eOyhYHMvlHKS5PH7hT7a78h1KdXvoH+zESGOHwWfEACOJcSucvVnQoJJDDwJmTjgOfFaYFKD30XU/J9JQsKqzX6O+3CujbcByj4eDrRJRMjEBs+PWz8GDpYZZBIAbwdi+/ndxT7+D2aCnImAXGrEJADKP7kImBQY5R+eDqmWUhgDK+0QhkBYBnzgfOGMhrwETJ4QAoHnQ7osEpDAPAioiM+DYrvX4MuS2eyt3JXZb/5zwz1Mt/OtEOv/MVg1sGKUT0JGYv4DLftsS0ACEhgcAR+otwRQ8lHmSdaHEkybuPev5YneFCGcjuXtUHqJlWcbZRerLQo3oXoo8WzfLMej8KL4olhiASeJHwls+Q1FcluUXmLhmQhgUoBzCB3gnsTwk4iPpHyE/iFY5cnWXyn8XItJALL275L7MQaUf3IBVIo/8f5cg33838xzMBHAJAKeBSjzKLsovXgDMBmA5wKeDExgEOfPRAKWf3IF8JuOSQquzwoDjPfUuTf9hC5QE/vP5AX3ZQIDTmT/5xoICQE/kHNYCpFEgl9Om4kHxkDIAa8D58Apu3YqhCbs1GmHBCSwPQIq4tvjtsyz+EInXmzcGLCC4ppF/Bf/STEDPe5Y+4dFgPi6uhJePSHKuDF3FQ1rCUhAAvMj4JX6QwBlk+XrUIhROlFI8SBjJRgUXH5jVVZuFGWUWqzgGECwbPO7ChdtsvUTP0/2ftzfcXHHBZ+YfuL2UWSJ6ef/ZPaRh+fGwUQ/LvJYlgkxxI2eSQG8ATgPt3uUcmrCA8gnwDhQyqlziU0LkwQcxMQBSQS5LvfDQn+H7CAfAIo7MfpMUPw9fRYJSGAJBFTElwB9xlsye9t0CVynbp4d/CfAfw5+sQbGihX+c530yFgHJu13nwQkIAEJ9IaAA+0RAWL7cXtnIoBhMwnwizRI8sekQJojrNLEwL8+G3gCEOePFwDx8cRqE2aGOz/WevqxnhMqQDZ8zqPG2s1kAVb9B+Q6ZPzHrRwXc9zhUdLrgtcAkwF4EeAlwMQ97vs5fafChMVOnXZIQALbI6Aivj1uyzyLeKWm+/PlyYwqyVCa9ts3fAK4rI17StzpcPcbt99+CUhAAhKQwOYEPGKIBJgM+HUejAkC4uH5LXnfbH8pwiQCij+x72ynyyIBCcyDgIr4PCi2ew1cp8qZSmJ8iKliFMQMMYuKKxVxQ/Qpq0Hg+HlMZrFTNRaS1Ogl0YjGTglIQAIS6DoBx9c6AeLXL5K7suwcVnWS1GXTIgEJzIuAivi8SLZ3HVyXzp/bEddDwhGyXGINv0H6SGCSaoRbEgo5sUUXoEMZPAGWpCMObNyDkmhm3D77JSABCUhAAhLYmYA9EpCABBZGQEV8YWgXemEScHw1dyDhSKoRa4m+LQ2SuLH+J4lGsJLfKH1PjhBDRKIQZjazaRkggVtMeCbc0smaOuEQd0lAAhKQgAQk0A0CjkICElgFAiriw3uVSehx7zwWCjnCOp+8zpdN3xciLM3BEhok7simZSAEmHQZ9ygkiCHua9x++yUgAQlIQAISWHUCPr8EJNAqARS0Vm/ozVoj8K/cCaUcS/kp02bZi0NS/zGyb+TgCBk7ybJ5w7Qt/SVwugyd5VFSNRayqDbusFMCEpCABCQgAQksk4D3lsCqElARX51X/gd5VBTw+6fGRf2FqSlPzR8UdJJwkHWbePN0WXpEgDwALEcybsgfGbfDfglIQAISkIAEJLCCBHxkCSydgIr40l+CpQyA5SdemTvvHsEafqfUrDWJ1Zw1Lt+Q7XtE6Etl6TiB028yPnIEbHKIuyUgAQlIQAISkIAEFkvAq0vgWAIq4seyWNXWJ/PgKOAoc1dO+7GR00QeH3lH5EeRKuY8TUsHCRCGMGlYrAE6ab/7JCABCUhAAhKQgASGSsDn6iQBFfFOvixLG9Q3cudHRLCEXyH13SNkZn9C6s9HiDln/15pE5ecytIBAifcZAzkCNjkEHdLQAISkIAEJCABCUhgfgS80mQCKuKT+azy3q/k4XFfv3rqk0ZQvj+U+uaR90U+HWGZtEnLZuUQSwsEfr/JPQ7bZL+7JSABCUhAAhKQgAQkMAQCvXkGFfHevFRLHyiZt/87o7hg5FKRV0UuHiHJ2w/X6/1TnzxiaZfAjze5HSEHmxzibglIQAISkIAEJCABCUhgewSmP0tFfHpmnjEafSYQHhy5YuTUkedHdo08KoJSTmw52dnPmW3L4gn8e5NbfGqT/e6WgAQkIAEJSEACEpCABFokMBdFvMXxeqvuEfh1hkQMOUufkYX9dtk+PHKbyLcjZGFHKd8nbctiCJBob9KVzz9pp/skIAEJSEACEpCABCQggXYJ9FkRb5eUd9sqgbfkwCdFLhY5V+QhEWLM75MaxRwFHWU9m5Y5EfjbhOuQUf3ICfvdJQEJSEACEpCABCQgAQm0TEBFfGrgnjAFge/k2NdGcFm/2nqNGzXbLI9GMjiSwF04+yzbJzApg/1xc9kLRCwSkIAEJCABCUhAAhKQQEcIqIh35IXYdBjDOIAEb6/Oo5wj8sbISyN3juC2jiX9gLRZagtJ07JFAseZcNzR2ff1iEUCEpCABCQgAQlIQAIS6AgBFfGOvBBdHcYCx/W5XJvl0Fj+DOs4Cd/elb6D14W45uukbdmcAFbvcUcdLzt2iVgkIAEJSEACEpCABCQggY4QUBHvyAvhMEaHhsHXIiyBhlx3vX2H1B+NnDVy44hlZwLE4O/ce2zPKY5t2pKABCQgAQlIQAISkIAElk1ARXzZr4D3rxP4TTqQp6W+fuTDkYMirIVN9vWrp/3ECMrnpNjoHDJt6e3xf99k5H/cZL+7JSABCUhAAhKQgAQkIIEWCaiItwjbW22LwPdz1iERErtdLnVVHpcGMedkY79V2meL9LPMPupJMeJcnczp1IoEJCABCUhAAhKQgAQk0AECKuIdeBEcwlQEPpCjD4w8LMJSaKnWCmuX3yutu0ROGLEcS+CvxzaPbdmSgAQkIAEJSEACEpCABJZDQEV8Ody96+wE/pRL/CzyjAiZ2K+Y+u0Rlka7X+rPRnBjv0jq80aGXP6wycOxZNwmh7S22xtJQAISkIAEJCABCUhg5QmoiK/8W2AwAHBhR86QJ3pF5EkRlka7W2qW73p46sdEWDot1aDKrzZ5GjKnb3LI0Hf7fBJYeQJMSL47FPi+QN6Z9rkiFglIQAISkIAElkBARXwJ0L3lwgn8OHd4feSWETKwny/1pyOUL+YPS6SRDG4oSvlReaZJ5T+TdrpvgQS6e+k9M7QXrwvtNC0DJsAE5RF5vmtHTrUurEzxqbR3j1gkIAEJSEACEmiZgIp4y8C93VIIfCN3xRL0iNS4qr8hNQWl/BNpvDdy18iJI30sP9lk0CrimwAa2u5Nnue42f/myJ3WhTZ92bQMlMDt8ly7RurllOkoc21k0yIBCUhAAhKQQBsEVMTboOw9ukTguxnMhyIHRFDKUUaIMSe2nIRvb0r/CyPnjvSl/C4D/UWkqfwynX+OWCRQEcBFGQWs2qb9rmpjhtpTu0vgOhOGtveEfe6SgAQkIAEJSGBBBFTEFwTWy/aCAEr5VzPSl0VOH7l/BIXkpKm/Gflp5HmRfSJdj6X8fMbYVE6WTq2dgWDZIICHCBM0Gx1pXDPykkgPi0PeAoHjTzhmlwn73CUBCUhAAhKQwIIIqIgvCKyX7SWBD2bUKCO3Sn2eyB0iKOUvTf2tyBsjLJF2qdSniXSpfG7MYFjK7QRj9tm9mgRYV/6mefR6tv390vfRSNfe2xlSB0u/hvSdCcP99oR97pKABCQgAQlIYEEEVMQXBNbL9p4Aijex47fNk5w6skfkn5F7R46MkOToOalRXlDa01xqwcrZNICfp/M3EYsESgIfyQYTTPX8ASwDSLLDx2a/ltJA6FrZ5ngmhadM2rfN23maBCQgAQlIQAKbEVAR34yQ+yVwDAEUb7KwEzu+W7oeHblQBAs6SjBLAd0n25eOnCjSdnn/mBueNv1MJKSySGAHAvfN1icj9YIC/rB0svxfKssACNQnXKZ9JI+XgAQkIAEJSGDOBFTE5wzUy60EAVx6X54nvUrkOBGU7z+lvl+EJYI+k/qREZYKYtmgNBdefpQ7ENOeaoeCRZw1g3fodEMC6wSevV43VYRmOInTRKZ/fZNixCftW/KTensJSEACEpDAcAmoiA/3tfXJ2iPw6dzq5pGzRM4ceV3kBhGWTCPpG/Hbt872ohO+NVnFsYi7TnDgWxoJsILAvxv3jEZMMD11zD67+0XgLxOG+7cJ+1Zzl08tAQlIQAISaIGAingLkL3FShEgvha39UvkqU8S2TfyicirIsSdH5X69RFicVPNtZAFvn5BxjNuabP6sW6vHoGf5ZHHZdzPrhGJC29PQ+k1ATx2xj3AH8ftsL9dAt5NAhKQgARWi4CK+Gq93j5tuwSwQpHwbf/cFhf2K6R+eoQs5mSn/l3axJYfmPrikVnLxxoucKb0nSpikcA4Arwnx+3DbfnJ2Uk+hFSWnhJgAnDc0JtCWsYda//wCPhEEpCABCSwJAIq4ksC721XksDH89RPieC2foHUB0T4gXyb1IdHSJxVZWLP5tTlSw1nEB+Owt+wyy4JrBHAW4PkbGsbDX8Ib3hW+lHKU1l6SIDvgXHD/vW4HfZLYHEEvLIEJCABCaiI+x6QwHIIfC23JeM6makvmPblIh+MYHmkH3dyYs2vk76TRrZSSMxWdzMm2dYpt3Kyx6w0gYPz9IQxpGosV02vLuqB0NPywwnj/v6Efe6SwLAI+DQSkIAEOkRARbxDL4ZDWWkCX8zTPyRSZWJ/Utr/jLwyQkZ0FGwsl+fN9qTy+9pOYkN/WetzUwJ1Ar9Nxz6RSYX35FYnhSZdx33tE5ikiP+g/eF4RwmsFgGfVgISkEATARXxJir2SWD5BA7KEHBZx0K+V9ovjJwm8vUICbZenPqWkXp5X60DxYls7rVuNyWwEwGy+xMasdOO9Q5yDbxsvW3VLwJM5v2rYchHp4/vk1QWCUhgYAR8HAlIoOMEVMQ7/gI5vJUnwI/kz4QCrsPXSn3OCJmscSPGQkmNK/t+6WffP1LXC1bxep/bEmgiQMZ/8hY07aPvxvlztYhlewR2y2kPiLw5Qs12mq2UpqRskyzlrQzKm0hAAkMj4PNIQHhb+HIAABAASURBVAJbJaAivlVSHieBbhBgiTJiyR+V4Zw1Qk3fnml/O3LZSL2Qsb3e57YEmgiQ1OveTTuKvmenbeK2QNhGuV3OIWHjjdbr26ZuqzTliiCHRFv39z4SkIAEFkfAK0ughwRUxHv4ojlkCRQEcFF/fLZJpHWu1Cjl/05dlvuVG7YlsAmBN2Y/WdJTNRYy/t+rcY+dmxG4Uu0AJjUOS1/TBFq651qasqObP2KuiL2YBCSwagR8XgnMQkBFfBZ6niuBbhH4TobzwMhfImW5ezZI9IYljiztbbrD5taWHhK4f8bMpE6qxsL+EzbusXMSgU817EQ5PyT9u0QWWYjxr1+fvBP1PrclIAEJSKDbBBzdQAioiA/khfQxJFAQeG/RponF7flpvCuCK/sBqb8ZYck0JE2LBHYgQMb+G+7Qs+PG6bPZplt1bjeI8r0xTwHPvcfsm1f3XxsuVJ+0azjELglIQAISkAAElHkTUBGfN1GvJ4HlE3h7bQjXy/aXIh+OnCny3AgKOUnfkM9m++aR/4qcJLLq5eQBcMHI/pG7RvAywGLJRMbHs/2fCMvE/SI12ahRrr6V9vcjbJNAj8RYJNrjWOTP2UfSPM57d9qvXheylPN6sf269D04covIfSIkRiNem9ePsAMEq+ZFsu8UkYtFiPFlm33nyfbFI2eIXDJC/w1SkxQMC3b1LA9KH/ephHuxdN5D04/QJpaZjPscm+7GgofFoq24jTfuceckbxSSLy7y/+TjNnA7XkOfXRKQgAQkIIHuEBjwSBb5n/6AsfloEug0gUNro+MH+H8XfT9PG8WPOF8EBeCr6UM5v3Lq/4ugkJOFPc1BlfPlaVC075L6DhE4vCU1SvURqVGef5v6yxEmLPAkeHLaWIevk7ryINg1bdx6mdg4W9oowiTPY/uM2cbCedrUVTlxGjDlvGunzdJzyD3SRtGmfbO0nxh5TeTpEWK1n5kaRR1FHyGZ2hfS95sIy40R48s2+76RPiZVfpL60xH6eTYU5v/JdvUsvN7cpxLuRZ6Bx+UYhPbL02bSgWdPs7HA0fwDjWjGdjJBM24nEym4qY/bP2s/E0L1azT11Y9xWwISkIAEJLByBNp4YBXxNih7Dwm0SwBl8g+1W2LhrHVtbL4+LSzmKJDU2Rztkz9kYcey+qK0+1JIJEbiKxTcAzNonu1jqVGAiKH/Wtoo2i9I/b8RFGCsxijVl852qTxn07IJAZT5P+YYvC3elJqwByY4zp/27hHLjgQ+lE3eh6kay8Mae+fTSbhB/UpH1zvcloAEJCABCUigHQINing7N/YuEpDAQglgKS1vgHV7v7JjTBu36ltnH1ZZrLxVBnasuCjmWEG3cp1cYqEFhfk2ucNBEay+WH+x7n0l25+M4PL9hNQ3jVw+goX6HKmnLR/NCUxEPDo1cpPUZKi/aurN5Io5Bms5Sv6Z094j0nQOSisuyzwT7uT1Y3A/P2/OZfy4zBObfY1sM45rpobDvqlZEuuOqfeK3ClSv8402yjTTFLwzAhL5lXvhVx6h4ILO8vnMYanZg8THHhY4Hnx2mxjcYcDHgPZXOnyjzw9rv+pGsvV08vnLtXcy98artgUN95wmF0SkIAEJCABCcybQHcU8Xk/mdeTwGoTwOpbJ3DfdJwsstWC5Q73Z2LHcXnGdR2LM/VZchEysaMkptlKuWfuQtZpFG6s/q/MNs+ERRsFNpsTCzHaHMCEAucTk42iSCw4FvSrZSeK7nFSV4KrPm7sPDOC1fcV2Y8FeDPBEv+DHIs7ORMcjL3pnK/nGDwYcI/HI6F+DMtOkVyPWHQUXLi/P+cwjvelJpSAGHYmJF6W7Q9EXhqpX2eabVzTYcMzIyiIeEfksjsVWL4hvbxfsI6nuVHIPUAMOmMnhp6JEp6TUAm447K/cfCKNMg1QPhA0+PyvmNlg6Z9s/YxCVC/RlNf/Ri3JSABCUhAAhJYAIGVV8QXwNRLSqALBJosXRfKwLCeppq6oDyhABI3jBJeZVs+Qa5EgjKsziR+I1FYuuZSiOcmnpl7o3w/O1e9TGSaglWW81jCDas0iva5cwEs5CRFw+r7vGwfHMFtGEU3TUsDgc+njxCHurJ9uvTjOYAlF6s3bOGNJZ2JhXdkf1WYyMFD4BnpIAaf1wcl/a3ZJjEc79E0B12YEJpkFceLYxFJ8Pgc1cE29dWPcVsCEpCABCQggQUQUBFfANQtXNJDJLBoAk3xoNwTKyRuwrRnEay8KPVY9rCYosA+PBckPhslC0sySlm6piooxrg3o9wTz41yhuK2lYtwDsr0I3MwbuG4e6MkknmcRGW/Sz/jTGXZJoHKC6FuSb1brkciOzwxsJDDm/cFngrXzz7c6nk/PC3tj0Q4JtUIt3bej+QkYNIFxZ1Jl8OzEzf7VIMscOQz1PRwsMLLo2nfLH1/bzi5qa/hMLskIAEJSEACEpg3ARXxeRPt9PUc3AoRGLcsERZHlrM64RxZvCTXQskl1hkXaRQpBKWY5F24J2ONzmGNBeWdmG6W+CKLOeeQfbzx4FonSh0TAGdPP5Z63MsfkzZu4bh7p2mZMwFeb5Y+Ky+LpZtJk7KvbGP1/mE6WEbtKqmxmvMaE/bw4mzz2qfaKFdIC/d63ke49JPEDKU93YMoPBcTRuMehnCIcfu2219nzHWa+uhXJCABCUhAAhJYMAEV8QUD9vKj0UgIyyBQZkOuW4GxihO3uyjFhrhtXJVJDoYFFKWNZZmIIb5uYJBpm2WyWFaLpHIkVyNGeyvxwigOWBNZTgzFG6WOaxF/nEtbWiJAQjYmTcrbYcXFEl72TWrjTYESjjLOe5FQBCZR3pmTmNhJtVYIR3hsWrjE48KO9TybvS9MaJBksOlBSLjHcmZN+7bb1+SG3tS33et7ngQkIAEJSEACUxBQEZ8Clof2i8CKj7a0iGOZruNAGT4sncRJp1pIIVEZF8bFmKztxJVj+UYxf2h2YJnfSrI3lDKWIUOJR2EjThmFDFf0XMayBAK8Jo9vuO+N08ekS6qpyzdyBlbi66XGjZ3JFl73bG4UlHBee5TyLmTv3xjYNhq4hZNXYVw2epIJztNzhYSB9WESo1/vc1sCEpCABCQggRYIqIi3ANlbrBSBrjzs74uBvCdtslTXly+6ePqxaqKQXyztWctxcwGuebPUz4zgUowLLpnXsXTiFo8LeXZtWsgUjsWQJbFOkaNxb393akt3COBpgeJdjoiJFSZ5thrXX55btgkrQOHmdSeTOMnfyBRfHcOEDO8PsrujuFf9fathyGoATePmM0m2+qZ92+lj8qJ+3m/qHW5LQAISkIAEJNAOARXxdjh7FwksmMBOl0cprjpxU2cpqlKRqfah5GDBZN8L04mCk2pLhXugBGEZZQktLOAsc4YljwRpuBRv6ULrB5FNGivh27LNeLCOHpm2pbsEUJbrEyTEdxOeMM9R4/J+jVzwUhGWkEu1VvCOeHtaxJ/zXkyzd4Ws/e8dM2qWozvlmH3TdpP8sH4OEwH1PrclIAEJSEACEmiBgIp4C5C9hQSWQIBEWNVtd02DWFASQGGtbMqofqocQ6wua1ATr431mphdhOW+Lpr9xHwTW44ixJJUPxqNRihBLMWEi+0Zc8y0hbhxFHmya58sJ3O/ykL4iGyj5D09NTGzjCNNS4cI/CtjwVqdaodyYLb2jMy7fCYXvEkEz4pnpWbyJtWIZIC8F7+cDRLHpepVIb6e/Af1QeNhwCoC9f7tbDdZvwkx2M61PEcCEpCABCQggRkJqIjPCNDTJdBRAl8vxsWSUGwelT8ozddJjQKVaqeCFZs4bs7BgoZ8M0exhvQHU6MU4y6+d9pkvk41dXlNziB7Nuez9jQZsblfukckXSP2m9h13OkZ6yj/yIbOOFDO/yvbZGhPZekAATwhmKSpK3VM1pxgQePjfcL7gwkiJoaq21wwja9ESCZ34dR9KYSNkHW+viwc4yfHwuVpzCjfaji//J5o2G2XBCQgAQlIQAKLIqAiviiyXlcCyyVQKiGldZxRYfW+cxq4gadaaCFB2wtyB5KzYe3GFR7rOdnUq7Wks7uxoJyQYAo3ZyYQzpujsOqhvONSSxK6N6YPi+xJUi+6eP3xBMh8/+HabsIcCFmodc9187u5GhZyvDGIF8/mWrlD/n4xQkjGrPHquUwrBTd0PFeaboZrPp+dpn1b7aufT5K4MqnjVq/jcRKQgAQkIAEJzIGAivgcIHoJCXSQQGmd/HbD+PjRf9r0s75zqrmXF+WKWElxi79b2k+IkBU71bYLFnGs9VgOsXyypBUK4KNyxUMjxKajlOO2fKJsD6T04jGYNCEh309royWZG1Lrnvsm90X5vlyuzHsh1Voh2RvKLZNPax0d/oNrOrkVmobIxBrv7aZ9W+3DC6acfKPdFKay1et5nAQkIAEJSEACMxBQEZ8BnqdKoMMEygRPxx8zTjKrEwuOu/esP8ixXD8p9yE+F8sb8ehYSPnxn+65FyziuMoTP8uEAkuhHZ67oJQTR8y9ST5nXHmgbKtMfxLZ8R+Y08iUn2qj4CY+7j24cdCcGkzMEM5w5VwPl/lUa4XQBrwziCtf6+jon7dkXOMmDf4n+04X2W4huWIZKkBbi/h2aXqeBCQgAQlIYEYCKuIzAvT0qQmcOGdcNkJm5SumvnSEZXqITUbIinzJ9LEMFkpiX9xKM+TOFD7X1Q92FGGsleMGh3KCZRnLNQm2UKbGHVv1s7QUSjCKN0mmds8OkmVxPjHl2Wy9oIA9O3dFKUcRIykdLuxY0YmNZ5m222Y/7u2pLAsigCs6Ul6eJHysB47iV/Y3tufU+dFc52yRq0TIOZBqhJcE8da8f5nAoa9rwiTG/TIoPpepdih8d84y7rrS/atcHff0VBYJSEACEpCABNomwA/2tu/p/YZBAEUPxfmWeRzcKfdLjcXmzalfESGD8RtS4zJKZmOEH8C4X6I0Yb3kx/IROQbljzWnEZar+nT6WAaLBF64lfLjFFdrflCj6LGNcB5LXb00x3Ovg1KjBBBPTH3NbGOZ5Qc548O9k/jk66f/4AjLYxG/jEstVjssw5xH/6uynx+9L07N8zwjNUnGXpma9YtRLFDyGNNv00fsMmPEysyPaJ73r+lnnJOE9bIn7S+vwXXZ/nmuy/VhSRI1xgV3lpLC5Zy42OpHN9bpW+d4XHSJtb5h2tQo0GRHP0O2UVj5kc8z4U5+nvRxHu7fbFeCUkMW592yn/WNUbzh/8tsd6nwPsKyiBWUZ+E1hxfvT5JTYS3Hgg6DLo17KGMh+R6x2+Xz8L67dtnRUvsjuc9ZIijgTMjg+cHEwAHp4z3x4NSULgmx7Xy2msbEZ5lJzKZ9m/XVlW4+y5ud434JSEACEpCABBZEQEV8QWB7flks1nfNMxBrifLHD9ZKyUSZxpLCj1oUHiyNz8yxKKdkwr5R2lgeWdOXJEpkxiaRFsIP4OzeVkH5I+kYCb9wlgbhAAAQAElEQVSqC2BJR6nmRzb3QsFE6WI5LGqURBRt4qAZHz9wUbTpJ94SN2YU9YfngsSXPjo159HPD15+rN8pfTwPGZrJ5H2bbKPU3zQ1bs+M6eRpnyLCGLEsY3njeU+Yvs1K6ULedGx5Da7LNhZoro/yTNZoxgX3fXKB20cYG/vTHPEZhwfKORMVh6STGkWVeOufZJtsyihOLCUGIyYYmNxAiSE7OQnR8E5gsgMOxHqjtKNwkXQNhZ7j4cIEBsugwRnGTGKgyDNhg+KLtZrj6GOZMlyImchBWWJCgEkTmLCcGTxRpOmHa4Y6deHZSOrG68zkEe9LJnrgBAOen/cwkzawnfoGnrATAVzC+SzyHVHuJG9ANUFU9rfRZoKKSScm2RgXCjmfETwnmDzDpZ7PcBtjKe4xtslnc5yLOp/fsSdO2HGq2j6+G9r0Uqjd3k0JSEACEpDAahPgP+LVJuDTQwDlhx/Oh2UDV2Ys1mTpvVa2Uf74wYpShDKEMl3/QZfDOln68v5GsWWygCWZUH5nFTwNsLLzomAFY7u6JpMnTKZ8LDtZcxkl9BNpo1jTh5KKcpquEVZxGCK0qz6yYfM+IPM6SjcTFUyGoFAzgXGfHMiEBpnS2Yelnvug+L4r+5gUwbUdV3LGxUQOyhtKMxzwEvhCjmPyBzZVP14HTBhg1aZNzeQBbc7jOVjKiqRtTMAwGcAkAvfGs4Htc+a6HMsEAsoXHhgsDYUHB94XeGKQffu6OY7JAIS4dyY90mXZIgEmu3gNysMJM0HBLPvabvOeQyEnHKNaKozvtSdnILyPmGw6R9rLLnxu75VBMEmQaoeCJxITWjt0bmHjjxvHHNNgMoLP2DFb/pWABCQgAQlIoFUC/MBu9YberBMEsEphSUYhwr2brNpYWa6U0fXpPYHrOtZ5Jg6oUepw035cngPlCyURqy2W7kmCdRQrLRMPeALg0ozFdhpBmeMHPj/qUVqnEaz8/Pgn2zfu37PK3nn+ShHH+ofVubrmHtnHpArx+bjqozgzdizG9JHhGis/PHBdfW6Ox0KNAoMlHu8BrPAoAsTzo6TCDQWX87Fg41FBzbVQ1rFCo5hjEUfBpQ/GKBrcBwWdrOq8ZijB3AvL/dNzb15PFGwU8myOjs4f4ryxXlLDjTaTSTzbvtl/swjPwz0ZA9Z4PBvYRulHGcSC/5Qcx5jOmnqXCJML5Ca4XdrvjDAZgLAuNWEAhCGw5Bqu+IQjMGHAhEKl/Ffjx/qKlwATEwjPiXcAzBgnbHD7x8sgtxlsIZwDZbxSeHlQXgPej7SXKSjiWIMJUWBypxoLnjVM7pCZv+pbVk0YDp+Lpvvz3c0kadO+cX18Tsp9JNBjUq3sW2jbi0tAAhKQgAQkcCyBPildx47a1iwE+PGF1ROLFUoQ7t1k053lmts5F8ssinMpuDXXFWaUKhRilEUURCyTKF8oulgrsbKxZBE1yiY/9FEWUTBR6nDLxtV8kuA+TYz4e/MgZNrGlZk44mkEZRGlt251yiVbL/CpPtt4L6BkznMQTHpwPWqypWO1Q5khhAHrdVXzGqMw4GmBQs177t05kT4YoxDDHbd6rOe8ZoQIoLyiUJO0iteT1x5hQgAllte+Lri28z4ZJ3vlvijk5A+ov8fYxm2asVTvRyaoeLZKiWRig/cfyeCYoCAcgfFwP8bK+5Tro8QzscOzofQjZOomJwHeAFjjmVTAG4GJJK6LBwL8fpgxYpVnEoJcBIyJ9zDeCoQEEIKAhwEu/SjyKFZM3tDOqZ0rvC9QaLHuVoNjsgPlks9x1bfMmjwQTIiwxB6TK9VYSESIh8r+VceSaiajyKNRvz0hP3xe6v2TtvFsqu/HKl7vG9q2zyMBCUhAAhLoJIHqx3onB+egFkIA6yQWzXlcHFdOlCyUF6yAKDSVYPlESUFQovgRWCpPWC9RnEtByagrzLiKohCj6KKwkKwMZWYe4x/qNVAoqh/YWHMrZXKoz8tzYa3mfTJOiLclTp6Y4Pp7jG0s6ExMVe/HS+SiZILHaooVm9CN96SvKihpnEMMPZ8n3uelEHPOhFD1eahqFCs+L6UwecEEDvdjQonEZuQiwHMAxZ6Yf6zLTGYwaYTHAIo8nz8UeNok8MNVH2s9y7cRjsBnB6s/52KtZ7IALxE8GEj4hZUehY5cByjIeHRUzzevGmUcruX1uDffQ2XfMtt8p2C5Z6IFz6Dq84KnBB4huG+zusMyxsjnGIWbMdTvj5cHr1u9f9w2YUflPra5ftlne24EvJAEJCABCUhgMgEV8cl8hriXzODTPBdWOmJr+eGMooGiUCnUWFv3zMVQXogRRqGpBMtnpRShRJP0LYdaWiCAyzmeD9wKiym1sn0CxK9j2SbrN5ZcPgtYKfGewH2YySgs7rzHq/f8+3I7QiSqz0NVY+Xn81IXlPnqc1XVWN35zJXCffAeqBT7qkbRrpR7JqrwSuCzibcIGe6x1qNUMmaORUnHSk9CRpLz4YpPm88q2eXxBsDyzuQF96QmdIWJABRWPBdIfsfkWR51REI9aiYmqEthAoH7ln18p2DRL/uW3eb1I0EjIRjPKwZDKAf5E5gQKbpbaxI61PS9zWQm3hdbHQiTPeWxvEdUxEsiQ2j7DBKQgAQk0BsCKuK9eanmMlB+OPODf9LF/padxL2SgZsfpFiFsM7xQx0lA3fkHGLpMIEydhQlq8ND7d3QsJ7yWWA5OBRmlCG8QcgtgCs+yhxu92yjSM/ygFiT+cyVgmUf1+5Ksa9qLPbckxhnhHh0Pr8oz0zMMFYm0YirR7G/RgZGjes/5+GizWQDLvFMIqBwM9mQw0aErmA157sApZ74fiYAcMnnOFhg1cfS/tWcQO4AFHlqroElnvchExrZvVbIU8H9yDGA98AZ08v7ltCDNJda4I5LOvkCUMAZDBNbTGDgYcB228IkCgkH6/clFwETovX+pu36+5FnKsMGms6xTwJbIuBBEpCABCQwPQEV8emZ9fkMfow3jZ8EWCjY/DAmXpIf22SRxs216Xj7uk2gfJ35sd3t0fZ7dCjfZIlHyUWJJLYYd2FWHSCUAjdxlDfc27vwpCjELFFHyAIKPjXWauL3id3HSk6uBGLpUaKJS8cl/5IZPDkcUJhRvlHKORZLOFnqUdQPzzEosOSgYIKAe2FhhwPWWGLkc8hGwZqO2zUu/mTWJ0af+HmS3308R3Eefbjz4zKOWz2M2/Ly+HzGwCQBmffTHDF5QHI3kkOy3aagMMMWTuV9SfRIjoWyb1ybSaRyHxMO5bZtCfSNgOOVgAQk0GsCKuK9fvmmHjzJxPiRWz+RH5gkoMJKxvJN/PDFGqQSVyfVj22sntVI/YxXJBZfYxV+TG6DJZikbiQAYzIL5Q13cazEuHij1OawQRQyjPMguE+TWb5y6cZ6yzJ5JJnDqoyyjyKJQs3xlZBhH4s62esJb+G9S4LFR+YAFH/4ETvPfq6Bok5cPNeGN0oxCe1Q2Il5R1nnu2te2cDxcGCygMkUvIUyrBFjZjKjnPCif9GCGzmu8zwr7ep+5AyAW7U9ria5YLmPMAuSBZZ9tiUggU0JeIAEJCCB+RDwR/p8OPbpKsQ58sOW5EO4ppLwB/dGLOD8yGX5LSx8KORY+8jYzHJD9PfpOVd5rCTxqp6fyZeqbd0eAbKf4+ZNXDkKG27buKyjdGIxJvkW7uAs+YYFvb2RLfdOuPGj3FajwPuGWHas31hssaLz3YN7PBnXH5gDcbVneTw4YhGnjTs9cebExZMx/zI5DiUfZZ3zcYNn8oPXgckPljEk5p3vPrwTqLcao07yNsZCPDbL1+VWI9z9uQfu9Gy3JUx8MAFRTpKeMDcnwV+qiQXPp/IArOzltm0JSKDLBBybBCQwOAIq4oN7Sbf0QFjmUAZwTX1pzsDFlJhwfqhivcNF9e/px7KE4s6PXZZaIkaSbNL8IM5uS0cJlNYxJ1C68SLh7o0rNp8dLOZsEztNdnNcoLG44gaOq3c3RryYUfA9gmJdXh1LNh45Zd+4NkooFnESwOH+joLMhCJLuKEUU8OZ7zAy2xOzjnv5Y3NBLMco+ijouOSTC4PvQhR4Jk1QtPke3DvHYlFH6U9zozApydJ6TBrQiTJPUkrCEthuS3ivEDNe3o9xkVSv7Ku3S+WdfbwXqRUJSEACYwm4QwISWBwBFfHFse3jlX+aQWOlY9kkrCxYmcj8TPw4VicyLxPzilsmbrerZMkLmt4UkvJVgzUOtCLRnZrPEEo4nyk8U1Aa8TpBuUTRJKM5ihXZybsz6vmNhEkIFNjqiijmJI2rtmepUbxxaceSjoJOdnpcslE6sWKzdBrJJ7GcYynnXljG6eP7jdcAeXN24CFErD/ffyTDI6yHpQGJmacvh4yw5uMaz2vJdhvCsmNMLBxZ3Iyl55hIKLp2albW/GoHS95VbWsJSEACXSLgWCSwEgRUxFfiZd72Q/JD7+E5G4sPVjwyJfMjmoRuxILiAk38JzGUdetRTrMsiUD5ucbdd0nD8LZbIIBnClnQyb5OXDlLkzEJRuLEr+d8EqGRnZxkaNkcREGRvF2epIxP5nlx00/3wsqXc2Xc1nFpv3/aT44w2UFsOnyrCQE8E1DG8QBicjKHjQgx4HVAed8vHaUFnwz1vFbvTz8KPBZ+JioRlo/j+zK75lpQogkhKi/KZAIx8mVf2S550082fGpFAhKQgATWCPhHAu0SKH+wt3tn79Y3AljxcAUl1hXLEtYX4srJnowFCusRP0JZ2ggX0b4935DGW3oqkEBrSM825Gchnhml/Pp5SCa2mAQ7QdpYYnGpPiRtLOWbLUGYwzpfsCjfrzZKvl/q7tO1Qxa2SbK5P+XqZCUnuzsJ0ZhgJPkeSjffe3BHsSYBHZneSRSXU9YK33lMJJDBnFAfJioRsr/jjv/rHPW1CAr0W1Lz2uJCTzgQXhGEk0wbRsK1scbnchuFsTGhs9FRNOox4ctiXQzJpgQkIAEJjESwsgRUxFf2pZ/pwbEssYQRFiKWz8GtFJd2YjE/kCuzZNGLUhPvuktqS7sEiF2t7kiiqapt3R8CuKizegFJuHCrJlcDybZQDIltRrlDGSTzdX+easeRorCi/Fa9JG5j5YZqu2s1ITm8Ls/KwPh+Y7y4rGdzrTBpgpWaDO8kkyP2nHhuXi9ybvBduXuOZD+vI9+hxK2zTBwWdcJIiF9nQpPJFzLHk0iTuHUmZrDe5/QdCtcpO4iRL8dU7mMSoNxmSbly27YEJCABCawQAR91+QRUxJf/GvR9BPyQxo2TJG8kOEIpx/KDBQkrHtZykhydse8P2qPxlzHiKG89GrpDHUPgjelHGb9AanI4oLw9LW2SjeGZwkQYil66elOYJELJLAeM2ziu+WVfV9tkf39GBldaxtk+SfqIQWepMZLJobATw833IzHrxK7zPUmoD/kB3pnjfxShkNEdqzqTnHgIPCedWOnxOOIYPAmIU+ccOBQvlQAAEABJREFUrOrXy36Wiku1UbgnivtGR9EoreJM8BS7bEpAAhKQgAQWTsAbFARUxAsYNudCAKWcpEckL7pDrohlhx+fxC+SLAiFvG8KQx6jNwV3092K0RLHX2za7DkBYpZxUWfZQUIQiAnGssnniwkwEolhjcXVuQ+PyooMeNFUYz15GiigqXpTcFcnlr8aMJOPvC7VdlUTJsLzsloF35M8J5MqKNN8X6IYo8STAA5lHdd9LO+cQ5Z3rnOq/IHRdVNjDSe2nmtkc4fC0pNMahDqwP6LZC/fvaVVvM/eFHkciwQkIAEJSGCrBLp5nIp4N1+XoYwK10t+oOKOeWgeih+UJH1DYeDHJ5ZykiRll2VOBLC6kQyrulz5w7vqsx4OASa6sK7iBYF1+Qd5NJKJ4eqMIoZllRCRdHeyYKHFlfoPxejulTbfE6l6Uw7MSKtM8Py/ymoThBWke6qClf2wnIGyTmgC4QdMZJLwDUWdWHQy7JOLg8zwWNVZeq1S1HPqWkFZ533BuFDmv5BeQopOn7oqfC9jkcf9HZf282cH7u9kkU/TIgEJSEACEpDATAQ2OZkfDJsc4m4JzIUAPwRvniuRWRhrz1Fp42pLYiqSVPHDErfbdFtmIMAP8DIuHzfWGS7nqT0igIs6ittlM2Zck5mEQSknrvkF6UNR7+LEF/HuKIQZ4lrBUot79dpGT/4Q242Fu1qlACUXJbnM1zCPR/lbLvLRyIci/xPhnmSgR1GnL10bhdf/xtliqTM8JZgILSfpsL7z/sD9HSWdpd9wf6fmOxlrO0vp8X2NVR0PDFznc0mLBCQgAQlIQAKzEliUIj7ruDx/uARwz8TaQxZ2LDwsB8QPPyxgWHXIxr7/cB9/4U9GLGp5Eyxs5bbt1SCA8o1rM54nWMRR4LCQkreBOGZc2bGAdoXGgzOQMoyCpcSw/Ka7N4W4fdzUqwHjDo5Vu9pedE3G9PIeZE/H0v2IdLL8GpZ1QhuyuVZ+mL8o2WRuZwKHiYPnpg9PpVQjssDzOrw0G1jVmUTlO5o2ijuJ6PBuIkknS70REsN3N9nfmRjw90XAWSQgAQlIQALjCAzsP8pxj2l/hwnww5AfiGQixkUS5ZwfgwjKBImO9ujw+Ls2NGJIyzF9v9ywvZIEvpOnRkm7RWos4rg375U2E2BPSo3FNNVSC4nbUBjLQZCMju+Dsq/rbTx/WGKuGicWaRTdanuRNZ4FD80Nfhepyv3TYInJVGuFZdrWGvlz3AiTonzXolxjXWesvFew6F8y+1GoUdb5jkbJvmP6iD9/X+r/RPgNQaZ78oLg8cS1uA5jIRwJyzqKPBnyiYsn6SBJ5viuv1vOxyJPKALhCUwO0cd9eK9eJ/uZSKL9sLRZjeOXqUmEl8oiAQlIQAIS6DcB/hPt9xN0YfSOYR4EsNjxY+1luRg/vlnCBwsMigIumMS74nJ7zuy3jCdAjGe5V4t4ScM2ihjJ3EikiKs6rtRYnsnKTczx3YNoWVnL/zf3PjJSFbxkCF+ptvtSk8UcJbQaL0uUESpQbS+y5vvzJ8UNsE7zHVp1lePAYr7Za40FnMk83NrxYsJazvOhOBM+QFJAVswgASf5QFCqn5ebkbvg46mZ7OF7m/cVCjUTEySZwx2e4whJYBKWpd6IdacPZR6l/V05n3AL2kwWMSF76vSRCI9JgjQtEpCABCQggf4SUBHv72s3GvjQyaTMjzcsMFiYUMD58YcigbsniZD4EThwDFM/Xj2Gk5jPqS/iCStBACUHd2SydD8yT/zdCNZMlkLDsouiRs6BdLdSmDTCRb28GeM6QdnRgzaTGzwH31XVcEneVrUXWeNhRKZ0PAyq+zCZgfs42+ynRggTwqpNe1ZhIuf3uQgKNp5MuLTzXsKSjns8k6v83rhMjsHCXrnCw4WYdyZis2tLhTEzObClgz1IAhKQgAQk0FUC/MfY1bE5rm4SaHtUxCJ+LjfFGkLCINwgL5/tJ0fIDI2LY5diXTOspZZzFHf/ddr82E5lkcBEAuRqwG0Y5Rs35ZfnaLafnxoLKApVmgsvJBz7YHEXEjjeoNjuS5OJDBRiXKkZM8rwpWm0IG/JPbBkp1oruKCjFKMMH73Wc8wf+uk7Zmvxf1Gg8XjAHZ73GGPCTR2PDMIlGAuCOzzfY3huMFFUCVZxLO24sPPdtvgRewcJSEACEpDAAgmoiC8QrpeeJ4G1a/0pf3FXx9XxSmnzQw0XW5b7IQ6WhEFYW9q04mUYnSrl8kSlRa5Tg3QwnSaAEomrMFZNPmPEGBNbThZu4nbxVFnUA6CskQSsUmC5DwoYLta0+ySvymDLBHR8V6Vr4QXPAuKsyxuRRI5QhNIVnaUOyYReHteFNpMIZKEnFhxlvRJyCPCe5Hu+C+N0DBKQgAQkIIGZCKiIz4TPk5dIgCRA/FDDyoRgwcNajjWNpD7EHuISOdsQ+3c2Fs1q1GRFrtrWEpiWAIo37sZ8rrBg4iaOokwuh31zMfI2oMyRlT2bcysstUUysMp6S1wzVtC53aClC/0z98E6nWqtkNBsrdHCn0/mHngypNoohPT8bGPrmMYfj6n8KwEJSEACEpBA2wRUxNsm7v0WQYB4QRIAnSYXZz3yd6bGlRa3dtwgidfEip7ufpRtjhL3TmLpq9OND69IWM+DAG7qJCEjYRYWS5RyslwTE4yyzNKD87gP1yDBGG7MtBESNu5Co2fyhmK8p0j7CpG2CuE75YTG2XPji0fKwmtZbtuWgAQkIAEJSKAlAiriLYH2Nq0RIMaUJXtQSEnohpLANsnfyPqLskCG39YG1OKN+KFd3o4lhMrtzdrul8BWCBCfS94GrNTElrMEFXkbUJavmAuQ/TrVTIX3Li7yuFlzoRPnDxm5U/Wq8Aylezox7209AKEpfO+V/8/Xlzc8SVuD8T4SkIAEJCABCexIoPwPesc9bkmg/wTemkdgqRt+/KIs4KrN8j5fSz8Zo1mjPM3BFDwCyofBtbjc7mjbYfWYwI8zdpYd43NFki3csbGUE0tOhm4srttd3eDxuTYKeKq18tC1v/36g3s93zfVqMlQX7XbqLGKM2lS3ev4VWO9niZb+fopVhKQgAQkIAEJzIOAivg8KHqNrhMgnpz1b2+UgeIeemBqsvOS+I0YSVxu+YGMa3d29bawNFA5+M+WG7ZrBNycNwE+Z5/KRW8Xwa2cmHLix1ndgDwOJBCrTxbl0LEFJR+r+7/Xj+Czy9Jq65u9qcrP4TJWeLh2SDFBkmqnAtOdOu2QgAQkIAEJSGDxBFTEF8/YO3SLwO8yHOJPr5caC96zUpNpnVhysvVihetrPPnH8ixVISkTilG1bd0RAisyjF/lOUnwRtIwlE/c2Z+bvptFsJSTuIy48mxOLOR7KC3KfG7LhIQTT+7IzqOKcdQt0sWuhTV5Lcg833QDLPZN/fZJQAISkIAEJLBgAiriCwbs5TtNAMUbd1dcZ4lxJbHSrTJilAesWCjsZ8l2Xwpr8lZjxQKGi3C1bb3aBJb59FjEv5sB4IXCkl7fTPsMkW9EHhfBUn6m1E2FibM3FTv4rGJpL7o63yyTJhImswwrNJzLCYEKGqEDVdtaAhKQgAQkIIEWCaiItwjbW3WaAEuePSgjvHDkyhFca1lD+Qdpo0TcOXXXk7wdnjFWpWxXfdYSaJnATrdjOTRWNHha9jw6gpKKpRzPlF9mGzfqC6YuC8e9ouggIdyZi+2uN8v/Z4+bwZbb2WylMCl3i9ypbgE/R/osEpCABCQgAQksgcAyfhAs4TG9pQS2TOBPOfKjEZTw06fGFZZs67jZ4iL77vShLKTqVOGz/JBiRGWm5qLbpgQ6Q+BRGckLIijez0iNxfwRqVl2kDWwSQB3tmzvFnlipEo+yGQZ56ZrTOlW9x9qw+F5a12tbB6Wu+CNkGqjwHVjw4YEJCABCUhAAu0R4Md7e3fzThLoFwEyChOjetMM+6SRB0b+HkEZx7L36rSvH+lCwcX0hOsDYdy42a9vWkmg0wS+mtGhJPIexmp772yfO8JSg6xXjrfKNbLNManWypXyl3CSVN0pY0ZSV8THHNZKd+lZwA13z5+7RCwSkIAEJCABCbRMQEW8ZeDerrcE/pyRs07yDVOTCZo4VZZWelu2fxL5vwgu7bumXkbZIzetPs8o5EwcpMsigV4RYInBZ2fEe0f4nB2aGks5rutXS7tyrUZRf3C2+1C+VRvk6Wrbs25Ocz4TG/Xj+V4j9r7e77YEJCABCUhAAgskUP1wX+AtvLQEBkfgO3kiXGlRylmO6eBsE/f61tRY73BjR1HIZmulTABFPCjjaO3m3kgCcyZAiAifM9YjZ1m+A3J98h4cL3VVCBshkdt1q46O1vVM6UyULWuoxOHX783k4WvqnZtve4QEJCABCUhAArMQUBGfhZ7nSmA0Ymkgljw7Y2CwDBrWJazRxGJiLa+ysmf3Qss+xdVRxHFPL7psSqC3BAgDOSijZ+LrRKlZmi/VCEv5vmkQPkJ29eekffVI1woeM3jUVOPCHbxqt13/dswNL57+fqzRnoFaJCABCUhAAkMgoCI+hFfRZ+gKgc9nICSYYo1kLOJvzPY5Iyzf9PzUKOX0pzn38u3iivzw/0uxbVMCQyHABBOTXUw2Vc/0izRI6HaP1O+PkKjw6akvFulCwYq/SzEQJhOKzVabTBD+u7hjyRGvgxsU+2wWBGxKQAISkIAE5k1ARXzeRL2eBI4hgGJMYqT9ssnawWRi5wc4P4Sx7r0k/fMqxKo/sLgYVvpi06YEBkUAJZtlz6qH4v1PMrdPr3cQpnGftD8XIdP6/VITQpJqKYVJsXINb1ZjWMpAclPGwkRdmmul/l3x+vSeLGLpBgFHIQEJSEACAyagIj7gF9dH6wwBlj0jmdvDMiIs4rissyzTK7NNrPltU58pst1yodqJH69tuymBIRHAiktm9eqZCAW5QjYuvS58pogxz+YIN3DWLMdq/uF0MDF2vtRtlxMUN1z2/7so49VwsI5/odpIjeX+taktK03Ah5eABCQggTYILPsHQRvP6D0k0CUCWMpRCIhlxSr+ugzuUZFbRbDeXTT1tIoCyn1O2yj/3GjZkMAwCTCZdUTxaLhVnz3bWMXvmxqr7k1SvyNSlT3T4DPHxNin0kYpT7XwwsRB+Zk8/8LvOPkGeOdUR3wkDSYCibFPc62Q/O5Oay3/SKBNAt5LAhKQwIoRUBFfsRfcx+0UARRyspsTR/6UjOxVEZQJFAWWamI7XZuWvWpHfLK27aYEhkYA5ZYlBP++/mAo3vuvt6uKjOrXzwau4ORnYKIrm2uFTOwo5Vznq+nhuFQLK9yjuvh3q8aSamLWq1vfLI1fRx4bKScLXpxtvAlSWSQwbAI+nQQkIIFlEVARXxZ57yuBnQlg1XtLurGYkRGaLOx7Z/unEeJez5O6qZDxuOwvrVtlv20JDInAoXmYUsG9a7aZyEq1QyHL+hPSc7oIykUH0UAAABAASURBVOWDU5fKMJ83LOy4s78v++oTW+mauZy6uMIlivYymiSVLO/LZAQZ50l0V/YfVm7YloAE5krAi0lAAhIYqYj7JpBA9wiQZf0DGRZLohHvjes6VvNvpO8ikbtEUMxTjU6SP7izp9oo39po2ZDAsAncvXg8rOJYvouunZq/TM+TI3yeWA7t7WlXhc8SSjjKOP1kZ29S7Kvjp6n/UBxMTHux2Xqz9Azg5lfKn39E6uzOm74yCWQ2LRKQQL8JOHoJSKBLBFTEu/RqOBYJ7Ezgt+l6YYTYVyx3WPcene3LRch+/IDUZcHNtLT2lftsS2BoBIj1fmvxULdPm1UKUm1aOG+fHMWEFzHRX067KtdL4/4RwkdI9nbrtMnOnmpbhc9ldWLZrvrarOuWbjwBuD9Z5h9OoxDi7fmuKbpsSkACEpiSgIdLQAKNBFTEG7HYKYFOEsBSTvZnYl7flRF+KILVKtVG+fFGy4YEVoNAORlF/POTpnxsQj9emnMuHGGy639TV+UsabD8GfkayC6Owp6uqcuuxRmnLdrLaJI1/TW58d8ilGvzZ12emPoFkargzv+QasNaAhKQQJ8IOFYJdJ2AinjXXyHHJ4HxBG6TXfUf9cdNH8o6seV3TtsigaETIBTjFcVDkngNF/Oia8tNJrvIpo6b+r1y1pGRqpwrDZKY/Tn1OyNXjGy1lMuXsWTYVs9bxHG/z0WvETlhhPId/qzLv1ITL17GkZM48g7pt0hAAhKQwOYEPEICWyagIr5lVB4ogc4RwMpWdxt9Y0aJOy2K+IvSfljk8ZFzRE4UsUhgiASwWpN0rHo2rLhYx6vtaWusxiikZFe/VE5+fgQFPNUIF3WW+GIZMD5rhIqcnB0TpFS+l+21AieU8Wq4dSs/LvpklK/287wHZoM6lUUCEpCABLpHwBH1kYCKeB9fNccsgWMIXCxVZdVKc62QdZ0liViOiKzruJZePnuwerEPRf182T5zxCKBoRAg7vrpxcPw3i9drotdUzc/kzNICkeSNRIlljkY9sy+R0TI5cByaSRWJHQkXTuUUxVb5TJhRXerzSOKuzUp2ExC/LA4hhUbXlZs25SABCQgAQmMRjKYiYCK+Ez4PFkCSyVQd78l5hNrFoM6Kn+w1t0zNUoJGZG/l/aNI1+LkJgJ5QJLeTYtEug9gYPyBIdHqnJw1ZhjjZcJGdeZBHtGrvvXSFX2TeOREZKhPSY1ymuqtXKmtb/H/PnjMdVS/5aTAWSGb/KWuXlGWB6Hi3q6LBKQgAQkIIHlEhjK3VXEh/JK+hyrSAD32PK5P5ENYjxT7VSekJ67RUhIRQzs+9NGUcEyhuULhb1UHLLbIoFeEWAVgUOLEeP1catie55NEreRURwFG+WbpQWr6xNLTvbxj6XjlREU2Gq5wWyO8E6hXqZ8sbg5vwMuVGxXzU+mwTJuqdYKVn1Wb1jb8I8EJCABCUhgxQjM/XH5D3juF/WCEpDAwgmcMne4ZKQsZFEvt5vaWMzJCn2L7LxoBLfaH6R+doQf3ljNSVKFEpMuiwR6RYDs57iJV4N+cNVYUP2bXBfrN+EeLJvG/dO1Vk6dvyRU/EDqsny13FhS+/u1+46Lcb9tjvtmpCp859yg2rCWgAQkIAEJSGD7BLamiG//+p4pAQkshsDVGy775oa+SV1YxbCKXykH4b5OgiaUmGdlm31Y9LCUk6wqXRYJdJ4AIRnPLEaJckxcd9G1sCYhHyQ+YyUDErj9csydOGaajOtjLjNTN5nmyws0WcTZT9I6ckvQroQlznarNqwlIAEJSEACEtgegU4r4tt7JM+SwEoQqMeH/ylPPYvLK/HkD8g1rhBBKX9X6jNEsJSzhBOut7i3o9ik2yKBzhIg0RjLkDFAlvNrexk/lg8kadvuGQBhIExupblR9kiLjOt8Zsn2juU8Xa0WwlHKG45TxDmGlRdKK/7504lbfiqLBCQgAQlIQALbJaAivjM5eyTQBwLXqQ3yvdkmWVuqmQrJp1DKb52roJRfM/UhEZRyljD6Strci0RO9Yzt2WWRwNIJkEGdDObVQPDouGu10XL9qtyPyYBUO5WTpOdpESznfKZQ3LPZSvld7kJMfaq1MmmCjYRtT1o76tg/fBec7NhNWxKQgAQkIAEJTEtARXxaYgs73gtLYMsESLhWj+F+25bP3vqBP82h74uQDfrcqfePkKTqGqlfG0Fpx7KH1W/SD/kcapFAqwRwDa+s4sfJnW8ZWUYh7GPX9Rv/PDVu8vdJXY0tzbXCZ4r978kWx1TnZHNh5fPFlckXAaeia4fmq7NVjnmXbB8QsUhAAhKQgAQksE0CKuLbBDeY03yQPhK4csOgyYLe0D23rp/lSs+LsGwTlnKs5N/NNrGuxJZjKUeJuH76LBJYNgGsuO8sBrFn2o+LtF1Qqqt7EjtOyAcx7Lh3Xzo7XhBhQivVWsEDhb7fZ4uJr0Uq5J/NParC8mWT3NNZjYElEP9TnZD63pFxSd6yyyIBCUhAAhKQwCQCKuKT6LhvYQS88EwE6m7pKMGlm+lMF9/CyR/PMVjJz5n6KhGU8lQjlAgs8/xYp49jFqlIcE9FAuMIPDA7WAkg1VrZJ3/bVBxxNb9J7kn5d/6Q5Kz8nLIUGEsKnjj7CAXBIp7mRnluWijkuNmfPu15l5IN1ybzO/U44bNNlvhqP0uy3bHasJaABCQgAQlIYDoCKuLT8fLofhMYwuiJN8W6Vz4L7uPldpvtj+RmKNy4tVIfmm3KDfMHBQJLOhbz+uRBdlsksFACKL+fKO5ASAdL8xVdC22ipPJ55Sb8X1subUZfKbh+ny4dTBa8NXVZ+FwRJsIqBiw3WO6bpc1ShuX5JJErt+vto9PBcmbEtKe5Vh6ev9UzpmmRgAQkIAEJSGCrBPhxsNVjPU4CEtgWgbmehDvrSWtXJE671rWUTazgKNzEk+O2ivKAyysx5LjksrTUGzIy9qeySGDhBFgJAMtzdaPHpFHPr5CuuRes3Cji1YU/kMa3I5uVt+cAJrGYbGMiK5sb5fJpEfv+g9S3j8zqbULm9B/nOlXBu6Vqj6s/kx2njFQFq7j5ISoa1hKQgAQkIIEpCKiITwHLQyXQAQLXqo2B2M0P1fqO2VzeXxQOlj07Y4Zwtgjtr6XG4oer7jfT/kOE5dCIMU/TIoGFEODz8eLalVlarNY1981b5IrnjVCIV8fNnPZW5bAcyGcFT5NHpv39SFXOksbLIkx0PSg1n7FU2yrld8clcoX6JF+6digszfa5oofPcbm0WbHLpgQkIAEJSEACkwioiE+i4z4JdI/ATWtDemO26+sUp2t5pXZnrHdYx7GaYXFjuSZ+uLP0EUsgYc0npvyVOe8GESzoqSwSmBsBXMJRGKsLoiSfq9pYQM2yfg8prksOB7xFiq6pmljxz54z8IYhP0Oaa4Xlz1hWDMX4/9KDIp1qqlKFklQnNSWCrPZVNQnomFhgabYbpZPJjlQWCUhAAhKQgASmIaAiPg0tj5XAcglcJLe/YKQsWJfL7S63iSe/fwbIM+yVGiXij6kpt8mft0RIWEV29munPU3xWAmMI4BFGjdxao7BbRwrM+1FyGVyURIZplor91j7O/sfXOxZsQAL+OtyOSziqUYkoLvVaDT6YARvFLxmSBSXzU1LGUPPwZfkzyaC4n/PHEO8OPdM0yIBCUhAAhKQwLQEVMSnJebxElgegaa1kL+4vOHMdGdiZrGIE+eKcoFF73e5IpZyMkm/O22SQpG4ijWWs9nF4ph6QoCEhqU1Gav4pOW6tvtYu+TEctm092a7vG82Zy54mTD+q+ZKuKZXCvlu2WYCACs3E1r/k+2rRSaV72VnOZnHygfpskhAAhKQgAQksGgCKuKLJuz1JTAfArhsk3iqvNrfs8GP7lS9LigqWMRJ/MQ65LgSo2ycOk9FFmmUGdzXSWR14/SdJ7LaxaeflgCeF2Ws+PFygftE5l1ulwuWcdZ3yvaiCgr0U3Lx80cI+yDkI82NgvcJE17vT8+kbOvldwju7Uwm5BSLBCQgAQlIQAKLJKAivki6XlsC8yOAAlpfJog1hv80v1t04krvyChQXnC/3Ttt1l7GUp7m6Hr5Q0z8N1KjPBA7e6m0LS0R6PltsFQfkWdgUifV6A6j0QgLcqq5FLw5Di6uRJLCMit5sWuuTeLfCfsg5ONUufIrIl+KVOXqaZBt/fDUTQo5ywt+PfsouO37mYKEIgEJSEACElgwARXxBQP28hKYE4H/argOmcgbugfTxZJnJL06RZ4ISx2K9+fTphAHyxrGR2YD11ziy2+Wdrm0UjYtAyAwr0cgqeELcrFq8oqJrYdme16FnAfHX7/Y0annee1cbkvlNznq9hHCPe6empCPVGuFPhRylhH8ZHpIoHia1Hx+qgzv2RyRi4JakYAEJCABCUhggQRUxBcI10tLYE4EcMVuymaMFWxOt+j8ZUgQRYKti2ekZIu+b2rWWWYt5NOnTcZ1EliRrOrN2cYt16XRAsKyAwHWsSfBWJW4jSRuWJJ3OOiYjan+njZH7x+h/Dl/SGSGO3yaSync+/m5MyEfPN/D0q4KywheNhtkc2c5MpLJ0U7XWmHZtLWGfyQgAQlIQAISWBwBFfHFsfXKEpgXATIUN12rXAO4af9Q+/6SB3tGBIXhrKnJ9IzlHKUc6zlLKpGoiqXRfp39WNLNwh4QlhEKKjkJUJYrHCyvV7W3U7PW9xeKE/+RNgp/qm2U+Z9C7Pjjc1kU8lunxiJOWEuaa+VR+VsmrqNtnHigWCQgAQlIQAKLJKAivki6XlsCsxMg7vSuDZchbhr30oZdK9f12TwxseQo5cTIEvv7+vShmOOqjgs7WdhhhrWcfbjfkgwuh1lWjADu6WVCtTvn+ck4nmpbBUUei3h1MpnKu7i2Ngr5qzPIM0QuFvlUZKMUDZ4FzxISJRbdNiUgAQlIQAISmCcBFfF50vRaEpg/gbvkkk3WKTIh/y37LDsSIEb25em6eQTF/EqpcWl/ZWqULazlN00bC+aXU6OYE1uOYpJNywoQwBpMxvTKPZ3/B1+zzecmYzneF9XpZPyv8hhUfV2sv59B7RFhzXM+A8TPZ3OjnDktlg4ksR3PRHx5uuZevKAEJCABCUhgZQnwA2RlH94Hl0APCOw3Zowom2N22V0QIFM0ruksK3Wm9F8+gisuigiWPxRzYsuJQWeZNOLOUa5wz82hloESIOt+mexwrzwnGcNTbbkw0cOSelWCNt5TJEjb8gU6cCDJDlmRgTXJmZxqGhJx9HyOyKzOZ4kkb03H9ajPoUpAAhKQgASWT0BFfPmvgSOQwDgCWKuafvSS9ZmlmMadZ38zgZ+k+xMRMkefPTUW8vul/t8I5Rr5s28EF16Wf3pR2sT64sqrYh4YAyrfybN8LFIVlOlpJrewGDNpUy5/RiZ/4sOra/apRgnHy6YaM5bwql3VZFYnzIPEbkxk3LDaYb1FAh4Mqir7AAAQAElEQVQmAQlIQAISKAioiBcwbEqgYwSuOWY8WHCbfiiPOdzuMQRYf/np2YfXAQm3Lpz2f0dwY/9ValzYSQj3zbRRzIlDx40XS2i6LD0ngHs6if+qx9g7jTNGNiss+YW7NkkCq2NZXpD3SbXdx5ps8v9eHzifhxenTWK3VDsVJh0OSS8TGqxgwKRWNi1dJOCYJCABCUigmwRUxLv5ujgqCfBD+EFjMDxvTL/dsxEgZvxZuQRu7ChbZFpnaSeUbxRzYslxZcdySiw6Sb5I1KW1PNB6WLBeE45QDf1EaeAtkWpswQLOObiyVwe9Io1XRfpesHSXvwmOyAOdL8L7vPQeSNdGOUdaB0W+G3lChHCPVBYJjEQgAQlIQAKbECj/093kUHdLQAItErhU7lVmds7mWmE5LuKZ1zb8s1ACZKU/OHeoFPMbpI3FHMWc705CB56ZPtx0UdTJSI1ifun0WfpBgGSI5Uivn40mqzgTY3hI4BlRJvYjrIH3xBASJ7LKAO/jIFgr5FTAa+Ql2bpihDCOb6RuKqxOcGB2fC/ynAiu+6ksEmibgPeTgAQk0B8C/Jjsz2gdqQRWh8Cdxjwq7qKV++iYQ+xeEIHKYo7V/OS5Bx4LxJE/LW2WTcOCjmJOrC2Zud+WfjJPXy81bu+pLB0j8MuMB8tvqrWye/7WlwvEO4Ilz1j2Dqt5DlkrbD8kLZbFS9X7QrhLmcCuvnwZYRxYyAmZ+eKYp4UPXiQo9S/MMVjMU1kkMHACPp4EJCCBbRBQEd8GNE+RwIIJnCDXv3KkqWx3maWma9k3GwGWfMKiioKCBfASuRzKN0rIrmljXUWZIbM2istH04eFnZjaC6Zt6QaBuuJN7DifwTtkeIQh/Cw1MeCp1goK64PTuk2EfakGU0oXdCz/J2t4svelj++n/VPjzp6qscCMGHJyWly88Qg7JSCBmQh4sgQk0G8CKuL9fv0c/TAJYFllCa360/0oHWQ3TmXpGIEfZzwsX4X7OtZv3NNRRIgnriymuPeyvBUxtVjXCTN4T84jE3VTdvzssrRA4PO5B9n0U60VlE9csnE7Jyyh/H+SJbx4HZ+cI/8ZGVopFXGe7XL8aRA8PshVcdnsu31k0vcSuRU+m2NIBmc+hYCwSKDnBBy+BCQwJwLlD4w5XdLLSEACMxAgFhULa9MlntvUaV8nCXw6oyKMgOzSZ0v7ahGysaPo/DVtCnG1uPk+JhtYFrG0ougRa07cMS7R2WVZMAEUb2Kby9vsUm6kzWuGwoki+fFsD7XwbGXoC14dk571z9lJsrrLp75VhEmNVI3lquklxr46PpsWCUhAAlsl4HESGB4BFfHhvaY+Ub8J8GP17GMe4UNj+u3uNgGsh7x2WFexpp44w0XBYTm0n6RdlvNm45aRZ0R+EcG1l4zcJMIaZ53MYZYpCZw6x+N6TagAyiFKZLp2KkyoEPNM7DgK5L92OmJYHawG8LI80tERCvkNjk9jE2EZOMJmrpDjsIAfmXpcuW12vCvCEnCpLBKQgAQ6TMChSWCBBFTEFwjXS0tgGwQeOOGcr07Y565+EXhHhkuiLzJTs+QTijnZ2I9Kf1lIdnXrdLA0FNZKrOYo58TdHpB+lHMSaKVp2QKBfXPM4yMkaWP1AUIFzprtpkJMPyEGKOt/ajpgoH3fznMdL0LBm+NKNLYoKORvyLGsKECYBsuaZXOnslt67hjBok42dpIfZtMiAQlIQAIQUFaDgIr4arzOPmU/CFw0w8SVOdVOhR+sq6QM7ARgwB1YvlHMb5xnPEMEpQTF/E1po3Sn2qGgnGN1fGp6Uc7JdI2CjmJJdm9izlEwyeSeQ1a6kBTvASFweIS4b5gyAZLNHQru2CQh+0fRiwKKIlp0rUST0IgfFE96/6I9TZPEhUwUwZvEhk3n4h3CqgOEZjCxRLhG03H2SUACEpDA4gl4h5YJqIi3DNzbSWACAdzSx+3GfXbcPvuHRQBXdhTzm+SxzhU5aWSvyCMiuPSiuKe5U8HVmizuxJxjxf1VjkBBR3CxJjHca9OHwoOChNWSa6drUIV4/HvnibDMkhTvKWnjMk0seJo7FJTA66YH92vi9cmSns2NQkjAxsaKNFDCifWuJiV47zH5s53H571KCAZeByxn9vMxF2ECiokl3NWZhBpzmN0SkIAEJDA8Aqv7RCriq/va++TdIsBnkeWAxo0Kq+e4ffYPmwDeEB/IIz42sncEV3YstTdPG0WyzPidrsZyyfSiaHIOCg+W9E+l748R4oLxtkBpxeWd5da47r2yj6W8mBDgfJSlLi5DdfqM8+oRspxj9YbVM7PNuFPtVIhfvkV68RjA2vvutLGIpxqhCFJXwhJmWG2r7VWpeQ9UCeuYpKgv8TYtB95nXIOY82dNOBl3dizpvIZ4fUw41F0SkIAEJCCBGQh04FR+/HdgGA5BAitPgFjhc0+goCI+Ac4K7sJq+fo8N4okGavJto+wnBTJxVBKsUB+MsdsVk6RA04SwY0b5QdlibhdFCYy+GNZxqJOYjmWoUKpQnn/Vs5hCTaUd+LbWa7tvum7YYTzUdrPmTalsqjOEs9+5lzojBGu/7jU748Q6/3T1LRRmpus3hzz7ByD8g0jPAEYM8+Q7h0KSjrJynhGdqCMPpLGislL8rwow6nWCrkrmPBY25jhD+8jVgTgWodNuA5eDc/PfiZJ9khtkYAEJCABCQyCQPkQKuIlDdsSWB4BLJWT7r4VhWrS+e5bDQJH5DFxS98vNRZIXNBRPpnkuUD6yMiOIoty+X/Zfk7kI5G/RbZacGdHecdtnphelPcb5WQU/4NSHxLBoo4bPYm/UISJdceyz4QSrvco9cQF/zDH4q6MIv/WtN8ZOTSCYs1SbxyHezPCsT/OPq7/0NRYwcl+nuZOhUkClPWLZA8Zz3FVR/nO5sRCVnQ8DE5UHHWbtJkESLVSBWW8fGCSq5Xbs7R/lpP3jBAy8MHUTYX32LWzg9eDsApyaGTTIgEJSEACEhgGgRYV8WEA8ykksCACF5pwXdxmcSOecIi7JDCRAAoxSjAx4ii8xJGjYOJ+fpWcieKJwo6QKZx8BQjKF1nbWZoKxZYYalyHUaxR+lF4iUXPJXYqlUt3pSxX27vmSNzcmRhAwUVRRpHfJ/3Ea5OwECUbSz/HnSb9SKqJhWd7WI7gs3Se1CSt205uBdzTf5fzq8IYNpsoq44dUs1EChMT1TORbX7c0orVMdPWhEjwWhMXTnvc+YRV4K3AJAyvx7jj7JeABCQgAQn0hsDwFfHevBQOdIUJoATddsLzYyGsEidNOMxdEpgLAdyHP5wrIbhpk0X7VtlGscX9mzherOG4waPwoiQTWoESjws6ijXWeBLHYeHG4o7MczLpRxkPEwKMiWRiZJrH2o+yiKU9u7ddjs6ZD46UhUmI85YdK9DGcwG28Kgel9h7Xudqe141yQmxjhNWgSdE03WJVcebAy8JlHay4TeFIjSda58EJCABCUigcwRUxBf0knhZCUxB4FI5dtKP229kv0UCXSaAcsT4vpc/uKLjpo4rOPHmWNwRYn15n1eC6zFWdwTlHmWfhIW41d8013n0ujwoNccgKF6cf5b0cQ4KMrHMKI3pmlth8gtX+uqCJ0gDJTDVShUUXpZ+qx4ayzXLulXb864Jq+AeKNlkbh93fUIuyIZPgkEmfHhfjDvWfglIQAISkEAnCaiId/Jl2fagPHGYBOqxmsN8Sp9q1Qjg/o3VHcG6jfv78wKBRHNvTP2odUHh4hiE7O7pXnhhYoH7lzd6UjZQ/lOtTMETp84Bq/UJF0jgt7k2mf0JU+D9wPJ76WosTMi8IHsIvWBCM02LBCQgAQlIoB8EVMT78Tp1fJQOb0YCn8n5435s8kOYH5k5xCIBCbRI4FW5FzHwqTbKW9K6XWSVChbx9xYPTHK+NiYkjso98ZAgHILvSHJlpKuxEA5BDPmHspcVAFJZJCABCUhAAt0moCLe7dfH0U0iMJx9f8mj4IqZaqfCskF/36nXDglIYNEEyOxN8rf6fbDY373eOeBtEraRtK98RBLjsQRZ2beo9ityYRL3sZweYQ/ZHFsIgSCz/tnGHuEOCUhAAhKQQEcIqIh35IVwGP0hsKCRstwTiZFelOsTn0qMLTGxJEdKl0UCElgCATLMP7d2X/7fpG+3Wv+QN3+ahyMeP9VGefJGa/ENPIPum9uQIPDtqSdZx0ncR3w5iQRzqEUCEpCABCTQTQL8oOjmyByVBFaPAEmnSDx0nTw6WaeJiU1zrfhHAhJonwDeKGR8r9+ZhHFkiq/3D3mbScFSAWalh/O3/MAkA8RVnbHw2oy7PZMkLF2357gD7JeABCQgAQksm4CK+LJfAe8vgU4TcHASWHkCH2wgQE4HXKAbdg2261d5sttEynJIudFS+ze5z/0i14pMWlFil+xnMvOA1BYJSEACEpBA5wioiHfuJXFAEpDASAQS6A6BX2co94kcHaHgJn3PNOa9ZFou2flCdvvPFaM8b9osL5eq9YKnAsuYbTYZ8IiMjARzqSwSkIAEJCCB7hBQEe/Oa+FIJCCBJRPw9hIYQwBXaGKPL5P9p4gcHFnF8uc8NMu4pdooJLQjSdpGR4sNljrbN/ebtMTjrtn/usiFIxYJSEACEpBAZwioiHfmpXAgEpDAihLwsftBACWUJbJY5aAfI17MKF+fyz4qUpWTpvHYCK7gqZZS7py71icI0rVDeeoOW25IQAISkIAElkxARXzJL4C3l4AEJLAcAt5VAtsm8MSc+e1IVa6YBsu6pVpaOTB3ZuWJcUucXT37/c0TCBYJSEACEugGAf9T6sbr4CgkIAEJrAYBn3IIBIiTv2Me5KhIVW6RBqs+pFpaYeWJ64+5+3HTf6KIRQISkIAEJNAJAirinXgZHIQEJCABCSySgNeeO4HDc8WXR6rC74knZGOPyDLLp3Lzz0fq5QfpILwglUUCEpCABCSwfAL8x7n8UTgCCUhAAhKQwPAIDP2JcFFnibDqOU+Vxicip4ssq5wpN75YpF7KbO/1fW5LQAISkIAEWiegIt46cm8oAQlIQAISWCSB1q79h9xpv0jdAv3l9B0/soxy/jE3XXYM+5hh2S0BCUhAAqtKQEV8VV95n1sCEpCABCQwO4Hv5RLXjhw9yp/1gmW8rpyv71p4db0xd/jkmH67JSABCUhAAkshoCK+FOzeVAISkIAEJDAYAj/Pk5w7UmYsv0C2j4iw7nqqxZXalc9W22bzZ/nzi4hFAhKQgAQk0BkCKuKdeSkciAQkIAEJSKC3BL6fkZOxvEyIdun0fShy+khb5VINN/p0Q9+sXZ4vAQlIQAISmImAivhM+DxZAhKQgAQkIIF1AmQsv1zaKOWp1spF87ctRRir/Blyv3r5ar2jv9uOXAISkIAEhkJARXwor6TPIQEJSEACElg+gS9lCDeP/CVSFZRj3NcX7aZ+u+qGtfrI2rab0xLweAlI+vbCnAAADQBJREFUQAISmDsBFfG5I/WCEpCABCQggZUmQGz4hULgP5Gq7J7GMyJniSyikCDuAQ0X/mf6GE8qS98IOF4JSEACQyagIj7kV9dnk4AEJCABCSyHANnUsYSXSdKwWKOMH2cBQ7pXrnmCSL18MR0/jFgksFUCHicBCUigFQIq4q1g9iYSkIAEJCCBlSNAtvKL56nfE6nKjdIgZvu4qedVrpALPTJSL39Nx30jFgn0gIBDlIAEVo2AiviqveI+rwQkIAEJSKA9Aj/Nre4WeXOkKudL4zmRs0dmLSfKBQ6JNJXPpPNjEYsEJDCOgP0SkMDSCKiILw29N5aABCQgAQmsBAGyqN8iT/rtSFVQzl+Tjb0i2y0kf0OhP03DBYgNv2H6/x2xSEACHSPgcCQggdFIRdx3gQQkIAEJSEACiyaAYnye3OSlkapcNo33RX4UeVgEN/ILpr5I5HiRcWWP7HhR5DeR/SJN5fnp/HXEIgEJSKAiYC2BThFQEe/Uy+FgJCABCUhAAoMlQBb1R+TpUJJTbZQzpfXYyEGRL0e+ECG++8Opnxu5ZwTr+Y9T/yPyicidI+PK17Lj3hGLBCQggQ4QcAgSaCagIt7MxV4JSEACEpCABOZP4Ce5JEoyS439Le1xBYv4ntm5f+TZEVzbz5j6+JFJ5cjsvHzEIgEJSGC1Cfj0nSegIt75l8gBSkACEpCABAZFADf1p+aJLhB5fOSoyKyFaxIvfu1c6HcRiwQkIAEJLIGAt9w6ARXxrbPySAlIQAISkIAE5kfge7kUseFnSE28+MGp/xKZtnw3J1wncq8IceOpLBKQgAQksEIEevmoKuK9fNkctAQkIAEJSGBQBI7I09wjcvIILunEjH8g7V9FykIWdOLIX5zOAyO7Rc4Z4dhUFglIQAISkEBbBGa7j4r4bPw8WwISkIAEJCCB+RHAxfywXI6kbixtxtJkKNtnTh8K93FTXzjyX5EnRf4QsUhAAhKQgAR6R2DbinjvntQBS0ACEpCABCTQRwIo22RMxwW9j+N3zBKQgAQkIIGdCPRNEd/pAeyQgAQkIAEJSEACEpCABCQgAQn0iYCK+JZeLQ+SgAQkIAEJSEACEpCABCQgAQnMh4CK+Hw4LuYqXlUCEpCABCQgAQlIQAISkIAEBkdARXxwL+nsD+QVJCABCUhAAhKQgAQkIAEJSGBxBFTEF8fWK09HwKMlIAEJSEACEpCABCQgAQmsBAEV8ZV4mX3I8QTcIwEJSEACEpCABCQgAQlIoF0CKuLt8vZuEjiGgH8lIAEJSEACEpCABCQggZUloCK+si+9D76KBHxmCUhAAhKQgAQkIAEJSGD5BFTEl/8aOAIJDJ2AzycBCUhAAhKQgAQkIAEJFARUxAsYNiUggSER8FkkIAEJSEACEpCABCTQTQIq4t18XRyVBCTQVwKOWwISkIAEJCABCUhAApsQUBHfBJC7JSABCfSBgGOUgAQkIAEJSEACEugPARXx/rxWjlQCEpBA1wg4HglIQAISkIAEJCCBbRBQEd8GNE+RgAQkIIFlEvDeEpCABCQgAQlIoN8EVMT7/fo5eglIQAISaIuA95GABCQgAQlIQAJzIqAiPieQXkYCEpCABCSwCAJeUwISkIAEJCCB4RFQER/ea+oTSUACEpCABGYl4PkSkIAEJCABCSyQgIr4AuF6aQlIQAISkIAEpiHgsRKQgAQkIIHVIKAivhqvs08pAQlIQAISkMA4AvZLQAISkIAEWiagIt4ycG8nAQlIQAISkIAEIKBIQAISkMDqElARX93X3ieXgAQkIAEJSGD1CPjEEpCABCTQAQIq4h14ERyCBCQgAQlIQAISGDYBn04CEpCABEoCKuIlDdsSkIAEJCABCUhAAsMh4JNIQAIS6CgBFfGOvjAOSwISkIAEJCABCUignwQctQQkIIHNCKiIb0bI/RKQgAQkIAEJSEACEug+AUcoAQn0iICKeI9eLIcqAQlIQAISkIAEJCCBbhFwNBKQwHYIqIhvh5rnSEACEpCABCQgAQlIQALLI+CdJdBzAiriPX8BHb4EJCABCUhAAhKQgAQk0A4B7yKBeRFQEZ8XSa8jAQlIQAISkIAEJCABCUhg/gS84gAJqIgP8EX1kSQgAQlIQAISkIAEJCABCcxGwLMXSUBFfJF0vbYEJCABCUhAAhKQgAQkIAEJbJ3AihypIr4iL7SPKQEJSEACEpCABCQgAQlIQALNBNruVRFvm7j3k4AEJCABCUhAAhKQgAQkIIGVJrCuiK80Ax9eAhKQgAQkIAEJSEACEpCABCTQGoHlKuKtPaY3koAEJCABCUhAAhKQgAQkIAEJdIPASiri3UDvKCQgAQlIQAISkIAEJCABCUhgFQmoiLf3qnsnCUhAAhKQgAQkIAEJSEACEpDASEV88G8CH1ACEpCABCQgAQlIQAISkIAEukRARbxLr8aQxuKzSEACEpCABCQgAQlIQAISkEAjARXxRix29pWA45aABCQgAQlIQAISkIAEJNB1AiriXX+FHF8fCDhGCUhAAhKQgAQkIAEJSEACWyagIr5lVB4oga4RcDwSkIAEJCABCUhAAhKQQB8JqIj38VVzzBJYJgHvLQEJSEACEpCABCQgAQnMREBFfCZ8niwBCbRFwPtIQAISkIAEJCABCUhgKARUxIfySvocEpDAIgh4TQlIQAISkIAEJCABCcydgIr43JF6QQlIQAKzEvB8CUhAAhKQgAQkIIEhE1ARH/Kr67NJQAISmIaAx0pAAhKQgAQkIAEJtEJARbwVzN5EAhKQgATGEbBfAhKQgAQkIAEJrBoBFfFVe8V9XglIQAISgIAiAQlIQAISkIAElkZARXxp6L2xBCQgAQmsHgGfWAISkIAEJCABCYxGKuK+CyQgAQlIQAJDJ+DzSUACEpCABCTQKQIq4p16ORyMBCQgAQlIYDgEfBIJSEACEpCABJoJqIg3c7FXAhKQgAQkIIF+EnDUEpCABCQggc4TUBHv/EvkACUgAQlIQAIS6D4BRygBCUhAAhLYOgEV8a2z8kgJSEACEpCABCTQLQKORgISkIAEeklARbyXL5uDloAEJCABCUhAAssj4J0lIAEJSGA2Airis/HzbAlIQAISkIAEJCCBdgh4FwlIQAKDIaAiPpiX0geRgAQkIAEJSEACEpg/Aa8oAQlIYP4EVMTnz9QrSkACEpCABCQgAQlIYDYCni0BCQyagIr4oF9eH04CEpCABCQgAQlIQAJbJ+CREpBAOwRUxNvh7F0kIAEJSEACEpCABCQggWYC9kpg5QioiK/cS+4DS0ACEpCABCQgAQlIQAKjkQwksDwCKuLLY++dJSABCUhAAhKQgAQkIIFVI+DzSiAEVMQDwSIBCUhAAhKQgAQkIAEJSGDIBHy2bhFQEe/W6+FoJCABCUhAAhKQgAQkIAEJDIWAzzGGgIr4GDB2S0ACEpCABCQgAQlIQAISkEAfCXR/zCri3X+NHKEEJCABCUhAAhKQgAQkIAEJdJ3AFONTEZ8ClodKQAISkIAEJCABCUhAAhKQgARmJTBPRXzWsXi+BCQgAQlIQAISkIAEJCABCUhg8AQGoIgP/jXyASUgAQlIQAISkIAEJCABCUhgQARUxLf7YnqeBCQgAQlIQAISkIAEJCABCUhgGwRUxLcBbZmneG8JSEACEpCABCQgAQlIQAIS6DcBFfF+v35tjd77SEACEpCABCQgAQlIQAISkMCcCKiIzwmkl1kEAa8pAQlIQAISkIAEJCABCUhgeARUxIf3mvpEsxLwfAlIQAISkIAEJCABCUhAAgskoCK+QLheWgLTEPBYCUhAAhKQgAQkIAEJSGA1CKiIr8br7FNKYBwB+yUgAQlIQAISkIAEJCCBlgmoiLcM3NtJQAIQUCQgAQlIQAISkIAEJLC6BFTEV/e198klsHoEfGIJSEACEpCABCQgAQl0gICKeAdeBIcgAQkMm4BPJwEJSEACEpCABCQggZKAinhJw7YEJCCB4RDwSSQgAQlIQAISkIAEOkpARbyjL4zDkoAEJNBPAo5aAhKQgAQkIAEJSGAzAirimxFyvwQkIAEJdJ+AI5SABCQgAQlIQAI9IqAi3qMXy6FKQAISkEC3CDgaCUhAAhKQgAQksB0CKuLboeY5EpCABCQggeUR8M4SkIAEJCABCfScgIp4z19Ahy8BCUhAAhJoh4B3kYAEJCABCUhgXgRUxOdF0utIQAISkIAEJDB/Al5RAhKQgAQkMEACKuIDfFF9JAlIQAISkIAEZiPg2RKQgAQkIIFFElARXyRdry0BCUhAAhKQgAS2TsAjJSABCUhgRQioiK/IC+1jSkACEpCABCQggWYC9kpAAhKQQNsEVMTbJu79JCABCUhAAhKQgARGIxlIQAISWGECKuIr/OL76BKQgAQkIAEJSGDVCPi8EpCABLpA4P8DAAD//3XGX4AAAAAGSURBVAMAZtZ3Z5KDkfkAAAAASUVORK5CYII=', 'tidak ada', 2, '2025-09-09 07:33:33', '2025-09-09 07:33:33');
INSERT INTO `guests` (`id`, `name`, `institution`, `purpose`, `visit_date`, `visit_time`, `phone`, `email`, `guest_category_id`, `photo`, `signature`, `notes`, `created_by`, `created_at`, `updated_at`) VALUES
(2, 'joe_pablo', 'PK OFFICIAL', 'bertamu', '2025-09-09', '21:36:00', '8098908', 'yohanesdewantara1@gmail.com', 1, NULL, 'data:image/png;base64,iVBORw0KGgoAAAANSUhEUgAAA+IAAAEsCAYAAABHZwmmAAAQAElEQVR4AezdCdy2bz3n8dtkkKVlShEiTNotRQohS2hKSLI3ohKTtBCimYqxJJKxk6KaqJQQSlkiRSFZMmSJKaRFKow0v3c91/9/1/9Z7vu5r+u6r+XzvM7jOY5zP47Ped7ndX6P3+/4nf/hoH8RiEAEIhCBCEQgAhGIQAQiEIEIrI3AKQnxtbWvE0UgAhGIQAQiEIEIRCACEYhABDaKwH4J8Y1CX2UiEIEIRCACEYhABCIQgQhEYB8JJMTXcNU7RQQiEIEIRCACEYhABCIQgQhEYEEgIb4gsXt5LYpABCIQgQhEIAIRiEAEIhCBDSSQEN/Ai7LdVar2EYhABCIQgQhEIAIRiEAEInA+Agnx89Fp3fYQqKYRiEAEIhCBCEQgAhGIQAS2hEBCfEsuVNXcTALVKgIRiEAEIhCBCEQgAhGIwHEJJMSPS6ztI3D6BKpBBCIQgQhEIAIRiEAEIrDFBBLiW3zxqnoE1kugs0UgAhGIQAQiEIEIRCACyyCQEF8GxY4RgQisjkBHjkAEIhCBCEQgAhGIwI4RSIjv2AWtORGIwHIIdJQIRCACEYhABCIQgQisikBCfFVkO24EIhCB4xNojwhEIAIRiEAEIhCBPSCQEN+Di1wTIxCBCJyfQGsjEIEIRCACEYhABNZJICG+TtqdKwIRiEAELiVQKQIRiEAEIhCBCOwpgYT4nl74mh2BCERgXwnU7ghEIAIRiEAEInDaBBLip30FOn8EIhCBCOwDgdoYgQhEIAIRiEAELiGQEL8ERYUIRCACEYjArhGoPRGIQAQiEIEIbCKBhPgmXpXqFIEIRCACEdhmAtU9AhGIQAQiEIHzEkiInxdPKyMQgQhEIAIR2BYC1TMCEYhABCKwLQQS4ttypapnBCIQgQhEIAKbSKA6RSACEYhABI5NICF+bGTtEIEIRCACEYhABE6bQOePQAQiEIFtJpAQ3+arV90jEIEIRCACEYjAOgl0rghEIAIRWAqBhPhSMHaQCEQgAhGIQAQiEIFVEei4EYhABHaNQEJ8165o7YlABCIQgQhEIAIRWAaBjhGBCERgZQQS4itD24EjEIEIRCACEYhABCJwXAJtH4EI7AOBhPg+XOXaGIEIRCACEYhABCIQgfMRaF0EIrBWAgnxteLuZBGIQAQiEIEIRCACEYjAgkB5BPaVQEJ8X6987Y5ABCIQgQhEIAIRiMB+EqjVETh1AgnxU78EVSACEYhABCIQgQhEIAIR2H0CtTAClxJIiF/KolIEIhCBCEQgAhGIQAQiEIHdIlBrNpJAQnwjL0uVikAEIhCBCEQgAhGIQAQisL0Eqvn5CSTEz8+ntRGIQAQiEIEIRCACEYhABCKwHQS2ppYJ8a25VFU0AhGIQAQiEIEIRCACEYhABDaPwPFrlBA/PrP2iEAEIhCBCEQgAhGIQAQiEIEIXDSBpQjxiz57O0YgAhGIQAQiEIEIRCACEYhABPaMwDYL8T27VDU3AhGIQAQiEIEIRCACEYhABHaBQEL82FexHSIQgQhEIAIRiEAEIhCBCEQgAhdPICF+8ezWu2dni0AEIhCBCEQgAhGIQAQiEIGdIJAQ34nLuLpGdOQIRCACEYhABCIQgQhEIAIRWC6BhPhyeXa05RDoKBGIQAQiEIEIRCACEYhABHaWQEJ8Zy9tDTs+gfaIQAQiEIEIRCACEYhABCKwegIJ8dUz7gwROD+B1kYgAhGIQAQiEIEIRCACe0UgIb5Xl7vGRuBSApUiEIEIRCACEYhABCIQgdMhkBA/He6dNQL7SqB2RyACEYhABCIQgQhEYO8JJMT3/hYIQAT2gUBtjEAEIhCBCEQgAhGIwOYQSIhvzrWoJhGIwK4RqD0RiEAEIhCBCEQgAhE4C4GE+FmgtCgCEYjANhOo7hGIQAQiEIEIRCACm00gIb7Z16faRSACEdgWAtUzAhGIQAQiEIEIROCIBBLiRwTVZhGIQAQisIkEqlMEIhCBCEQgAhHYPgIJ8e27ZtU4AhGIQAROm0Dnj0AEIhCBCEQgAicgkBA/Abx2jUAEIhCBCKyTQOeKQAQiEIEIRGA3CCTEd+M61ooIRCACEYjAqgh03AhEIAIRiEAElkwgIb5koB0uAhGIQAQiEIFlEOgYEYhABCIQgd0lkBDf3WtbyyIQgQhEIAIROC6Bto9ABCIQgQisgUBCfA2QO0UEIhCBCEQgAhE4H4HWRSACEYjAfhFIiO/X9a61EYhABCIQgQhEYEGgPAIRiEAETolAQvyUwHfaCEQgAhGIQAQisJ8EanUEIhCBCCTEuwciEIEIRCACEYhABHafQC2MQAQisEEEEuIbdDGqSgQiEIEIRCACEYjAbhGoNRGIQATORiAhfjYqLYtABCIQgQhEIAIRiMD2EqjmEYjAhhNIiG/4Bap6EYhABCIQgQhEIAIR2A4C1TICETgqgYT4UUm1XQQiEIEIRCACEYhABCKweQSqUQS2kEBCfAsvWlWOQAQiEIEIRCACEYhABE6XQGePwEkIJMRPQq99IxCBCEQgAhGIQAQiEIEIrI9AZ9oRAgnxHbmQNSMCEYhABCIQgQhEIAIRiMBqCHTUZRNIiC+baMeLQAQiEIEIRCACEYhABCIQgZMT2OEjJMR3+OLWtEsIvM+U3nPSB066waT3nXS9SR886YMm3XDSdSfdaNKHTLrxoXSTKdvG9va3zyKZv8Ksb4pABCIQgQhEIAIRiEAEdoTAOpqREF8H5d04xztPM/7zJIL0+pO//6R3n/Rek4hY6z55yveadI9Jd530RZPuPukzJn3BpK+YJL/35J81ybafObnld5jctreb/MsmOcZPTX7HSU+c9HmTnjDJPj8x+TdO+slJ/3vSKyY9b9KrJr1g0t9NeumkP5pk2Z9P/pJJvzvp9yf92aQ/mPT8Sb8zyT5/OPnvTXKc3558kX5ryraxvf3ts0jmXz3rXzZJHaQXT9m5nPdPpuzclj9pyo+fpL6PnPxxk75pkmX3nFzb/uvk2nbnyT9t0m0nfdgkLDH+b1PWkYCXzgD5h84yyz9y8i+fdPVJ7zdJ58N/mlzngs4C+11z5q82SQeC7Wyj7Dq+95nlrq1r+gFn5nVSXGvK157k2k/WFIEIRCACEYhABCIQgQichMBZhPhJDte+G0yAFZjAIpg/fepJvC3Sj8z8YycRgUQvMfoPM//ySUTmX0/+mkmEJUH6win/n0n/d9JfTSJirfu5KX/7pIdN+r5JPzzpf00iNonP75yy/CGTE6S2dU7LCVPbEt/fPesdgyi/25SJUuvU2z7E+1fO8ttPIuivPDlL9hUnJxzfdfJ3m3SdSZZNttKJqFUHiWhlfXderIldyz91aqBDQn11Ruh4IMAt+5+zTtu+bXJt0yHhOmDy8FmGJSH/XVP+hUl4PetM/iuTW/5rk9vW9frTKesAcA11Lugs0AHxl7P8byfpQLCdbZRdx784s9y1dU3/+My8TgqdCy+aedf+tZO/ctLfT/qbSY7jPrFM54Nc0vmw6BBZrP/p2V673A+u+6Nm/jGTdELcd3LX+vMn1xGhI4Y3guuoY8F1nVVNEYhABCIQgQhEIAIR2H4CmyPEt5/lultA6BHXxN7HzcmJagKPqCNsCGsiish646xnBSawCGbribdFYolleSYCiV6iljX1KrMfkfkek69jIu4IQcKN2CQ+HzQn/qFJHzuJBZglmABnsVVfltzPnXXXmHTzSbZj/SXg3mbmCeGrTn75SSzCli0r4cLajJVOjsXxWZ1vOudTl8OJ9Znbu3U6GVi5tUFOeH7C7MMb4EsnJ9C1k5XbMm38gVnOSv79kxOsT578f0zC6QGTE7mu/49PWYeH66tjw346S54xy39zknvgOZO7P3SosPAT5LPogtM7zhZXmoQp5u4P94ll7km5pPNh0SGyWH+b2c/9pW3arQ2fPct0Qnzr5N87iTh3vXXE8Ebg2aBjQV0Je50CRL77RJ3dy988+z16ks4aHhP4YYyba8N7411mveszWVMEIhCBCEQgAhGIQAROl8DeC/HTxX+Zs3MLJu6+ZNZ8ziQuyRLLKCsiCyeRyjrN+khcE1VPn22JLuLrflMmbAhrVkRux7NoLROxRNgR1Cy10s/PmYnFRWIR1iZCWUcCUcyCLCdg1ZmAY/Em2n5p9seDWNTGhfji/o2JzgVWVYLt2bPtL09iuWX5neIBKzBu/zwz9plsaZNODteCBZjXwOL42v/cOYu6HE74aId1RLS6aQNrNGs2F/jvmf2sJ6p/dsrEqGVc5XHjrcBybD0x/y2zDU4PnJzA/drJCdw7Ta7jwr1gP/eWDpubzXKdGB8+uY4BLuc6B3RwuAbLSO5h15dYP9wR8dblW00ddDB8w+SL++NwzmvCPbRIOhNwns0PdC65T7Tvq2eBvxdDIXhM4PW0WcazAi/3pE4IXgH+RlwTHR88EJxfpw+ru/tMZwIhT7hjM4dpikAEIhCBCEQgAhGIwHIJJMSXy/N8R2P15I5MdLDiGd9MjBFYxDU3YVY+QoMFk4WPS7JkPyKLdY910Xjt851rWeu4Py9EEGvjQiTdZ05wWFQRdAScnHghqD9mtpGMG//vU14kLsnaRyhr86w64OIsL+0GAR0Urq8OEKL3XOkXp7k6UXg9LO6PwzlruXvocLrF7OPvQIcNwe++e6dZ5r7TwaADgBfBx88yuQ4dx2Rl/9FZxprOnd69qjNCZwZXeF4h7kvCnpD3N8cd/8GzDzGvE0jHgE4xQwfEKCD8dYAYn/+Js51OL94AhifwHJhFTRGIQAQiEIEIRCACEbgsgYT4ZZksYwmrGssv8Upos96x5nmJJ2a97HM75mbMGklcc6FexrnPdYwXHxwccEsmrI3VVY9FIkYIa27uhM0ifdQcbCGCiBqCRmJ1PCyuWHpn06YInAqB181ZWb15R+gA8HfHq0DObd99zp2fhwBhzluE+HZ/c5Fn/b7/HIOQ10lmmAePA/s9dZbzyuCZoMNM54JOAK7vxLrhIGIeEOqLvy3u8/7GuNI/YvaX+7uxjY413grE/C1n3a0nCYKnc23Vz4A5VVMEIhCBCEQgAhGIwCYQSIgf7Sp4UWc9I0q5Ux/ei2j1Uu5FnoWPizS3cdYzL9uE9uHtl1EWMIvQID4IYsLY2FrCgeWcqJYIfGOX1ZHrLbdkbRA4jDBYJJZ5xzEWdxn1e8tjNBeB7SBgmMc/TlW5tBtu4O/j12f+qyb92CSdUf6mua6zuOts+4hZTtQrC75n26+ZZQQ3Ye5vVCecoQH+Jg0TINx1Ehh68DOzraEUhjiI8u/5wQIvWB6vGdux1PMkMSSBC74OPOJdmt2bIhCBCEQgAhGIQAS2jUBC/LJX7B1mkRdqEb+N3f23mfdybvzxM6dsXDYLtxdmbq7G+bI0c68VbItr7Gx25Ik1z0u/qNfGsQo8xV2XuCasiWbimcXMp6iIamXinzuul3uu4l84ZyQcWPKIakn9StPGZQAAEABJREFUuLrPqv2banEEVkxANHrDKghp0el9NcCzwN+wsf+s7T5R5+9XmSXd36+x88rG5fv8nKByd5m6+nv3jCHeuc/72+aeb+y6/QWzM2RFx5lzSuqgA4FwJ9aJd9sI3idWgP19PUBHwJyiKQIRiEAEIhCBCERgEwgkxN98FYw5JaKJ19fPou+YZPyniNyXm/LZJoJbZGgW57OtXyxjvf7VmfGCLTI0wWxMqSjehLXxrc5v7KtgWqxpAkgR14Q1F1eWNccRbGoO1bTBBKpaBI5CQDwI4tnQFWPSf3B2IuBZvLnOE+8Eu2cD8e5LADreDCMh2BfJcBdj8gUIJNYNeXEMzw5eMjr1WNqdj9VdB6JnkXUC/X3xnNf4eNZ1aWabIhCBCEQgAhGIQARWTSAhfnDAIsV1lFv5R58QuMjcxpJ6ySW4Wb1Yrx3XeFDRna3j7mrbhPUJgbf7gkD5jhNg/WYpZw0nsheJJZ1oN96dYJcMQ2FNlwSREyCScOdxIwCdDkbWcm70OgB+ZNg5vvRPU2blt60AdzoliXUu+QLcGZqjE3E2a4pABCIQgQhEIAIRuFgCCfGDA8GZfAv5YhgS09xAWbFZk7ygftgciAgnuFmhZrYpAjtKoGZtIgHB4nj3SD7jZtgM4b4Y5kJME+xXmMoT68a7i3FBrPsUIsHP08fYd8N0iHVj1X060NAcFvjnzL7GzbPIC24nFobPEHoOzqqmCEQgAhGIQAQiEIHzEdhnIS6yuW8ue+E8H6OzrfuXWeilleXp86bMpZT75xSbIhCBVRPo+EshwFWdWBcV3ufYiHWu7yzsh7+gwKOHYBdx3nOP99AbpgaefXeYXDR4LvYvmTKruujygtCJVC9opY5JFvvrzvqmCEQgAhGIQAQiEIEhsM9CnGuml8/BcKzJS6uXTy+tLEPH2rmNIxCBrSWwrxUX44Jg/84B4LknQvzNp8yqLrGwE+pEPKEuGrwAl4bm2FaUeEHkDAESWM4YdZ+Ze/Ac496TuL6zpjvOzDZFIAIRiEAEIhCB3Sewz0JccLSjXGHu5yIhP3Q2FqCNG6cAajPbFIEIRGDVBDb++H8+NSTUF+PXWcAFjFuI9feZ9deaxG3dWPOHT5kYZyG/zZQJfF+p4PYu8rvo8Ib2EPc+FSegpf1n06YIRCACEYhABCKwGwT2WYj7XNiFrqIxkIId3Ww2ZLlhxZliUwQiEIEdJ7C85vnig69RGL5jDPoT59Aiw3/G5NzgBY+71ZQN9fm+yX98Ekv7+0/OAs/K7vNwXzfzT53Egm5cun1vMvPvOsl498maIhCBCEQgAhGIwHYQ2GchzuIiavBPzaXy+SDjvL3wSQtLzhfMuqMI9tmsKQIRiEAELoLAP5zZR5C5Z0zZVyUMHRIkTiDN+8wyEdtZ3L97yovpTlMg6B8xuWByXOB/YMqC0okU/+5TZpmf7ICol5ciEIEIRCACEYjARhDYZyH+6rkC3zbp0yd92SSRz1lfpGfPfFMEIhCBCGwGAe7vvkJh/LnPqnFvJ8SJdN9B9wwXGE4H6xvPVNkXLAjy68y8SPByVnlCXZT4285yQeRY1a8yZQE8J2uKQAQiEIEIRCACqyewz0J89XQ7QwQiEIEIrJrA388JBIcTuf1ZUxbD44GTs6AT3388ZVHg5ZY/d+YXE68nwTdZ1CUi/5tm5QMm3XoSizqr/LWnvIKpQ0YgAhGIQAQisK8EEuL7euVrdwQiEIH9IfCnZ5r62MlfOknEdoL9S6ZsiBKLusSi/vhZtph4SHF/f9EsYF33LXXfVv+imTeW3Th1FvbtCiY3lW+KQAQiEIEIROB0CSTET5d/Z49ABCIQgdMnYJy64Uo+1fb8qY5YIdzgWcIfNvMfMOlHJrGWT3bJdMspEebPm/znJtnXOPWvnbJt7zo5kX7lyUWPn2x/p1oegQhEIAIRiMClBBLil7KoFIEIRCACETgbAd8//+tZ4fNqPrdGlH/ezLOS+8zajafs02yCfk7x4HLz3zUmsaj/xuQvmeQ76qzxi2MILmd8+11mHRf6yZpWQKBDRiACEYhABDaSQEJ8Iy9LlYpABCIQgS0iIJjcX0x9iWzC+kFTFkxO5PYPnvJ7TbrRJML8byYn1N93cvMEuSByr5h5QeUECzVe/c4zz6J+/cmbto5AFY5ABCIQgQicn0BC/Px8WhuBCEQgAhE4CYGXzc6vnGSc+vdP/pWTfAfdFzt8Q9030AWTM0b962fdMycR30T6t09ZtHj7E/s/P/NEvrHtAsllSR8gTYcIVIxABCIQga0hkBDfmktVRSMQgQhEYEcJEOkCyfkEm/HlgsCxor/ztJcov9fkj5zEcv6Jk9vm0ZObJ/SfMOUfnmS5z7L13fSB0bQ+Ap0pAhGIQASOTyAhfnxm7RGBCEQgAhFYFwFjyx8xJ2MhZ02/6ZQFgHubyZVZyH2+7Q0zL4K7T7Bxcf/bmSfQ7z357SYJODfZ3kyfOy3F5a8m99m6e0xuqMANJ2/aDQK1IgIRiMBWE0iIb/Xlq/IRiEAEIrDHBJ47bTeefBH0jTC/2ixjEf+6yVnabzb5d0/640l/Oekxk75rkk+wXXNy4nSynZs+blr0LpN4FnD5F/3+W2f+BZN8uk4nxR2mbJjAe07+HpOaInAEAm0SgQhEYDkEEuLL4dhRIhCBCEQgAptC4M+mIizjXz357ScRmizixqH/8sy/3SQW9p+a/BcmCSDnk20PmLJo8FeffNsnke2fMo0wzv6TJudNQIy/aMqi1xuj/6NT1ikhqv3vTvnxkwhzIt64/ZltisCGEKgaEYjAzhFIiO/cJa1BEYhABCIQgcsQ8Am2n5mlPzDpbpNYwz9qciLVZ9i4s79x5gl01vQXT5lwZ23n5r1t4vxZU3/j5e8zuc4Gn5377SkLcCcavSj2yl8xy1jMbXOrKRPmT58cL+79T57y10zC6kqTN0VgrwjU2AhEYHUEEuKrY9uRIxCBCEQgAptM4HVTuf87SaC3H5/cWGpu7XKC/N9mmbHoysQ4S/JiHPqsOuD2Ld/G9PtTaePHCe8HT5knAFd2HQ4C4umc+K1Zjofx5b86Zds/b/Lvm+QzddZNsSkCEVgygQ4Xgb0gkBDfi8tcIyMQgQhEIAJHJvDy2fJRk3xujYs3N+3vmXmu66K0T/GA1fxpU7jvJC7g152cdX2yrRbofzcN0C5B8P7LlEWtv8HkBPpnT+4TcteeXOcELwJu/Vz8dWR8yiwXDM4wgCk2RSAC20Wg2kZgvQQS4uvl3dkiEIEIRCAC20jgn6fS3NqfM/kXT/rGSZ8wibs7kX6bKX/ppPtP4ub9wZMbpz7ZASEv39b0D1NxAv1nJ9cBccvJrzFJuz5ncp+d49bP5f3OMy8wHiu6seeCwH3hLDNlQUehFIEIvCWB5vaWQEJ8by99DY9ABCIQgQiciACh+UdzhKdOEpGc2/rDp0yMTnbgHYM12XhrOSs7a7GI7VexwZYnUel/ZdrwuEmfP0n77zm5sefaymq+sJ5fb5azoFuHx61nngUdj6tO+YqTmiIQgQisjUAnOn0CfiRPvxbVIAIRiEAEIhCBXSDw6mnEsyf9ziSC+4WTE5/yKR68/fz3HZMEUuPm/rFTJmLfdfIrTNqFSWT2V01DjL1/5uTXmvSHk1jQWcsJdIHj7j7LuPPzHBDRXYR3n5pjWRckj+VdULltHos/TWyKQAQicAmBCocIJMQPwagYgQhEIAIRiMDSCRCmDvoF898LJhGmj5icIGUNlj9y5o2zfuzknznpJpN2bWJB16bHzH8ishuDToBz9Re9nYu7dbP6TZOOjNtNyZh1weMEizNO/dGzjIeBzgyu75ef+aYIRCACETgngc1ckRDfzOtSrSIQgQhEIAK7SuAVZxom+vhPTvn9JhlHza1blPY7zbxAcYQnYf7fZl4QtMl2chIcjyeBKO2/MS3Udh0VIrmLYG8svlyHxcKz4ONnO7yeMLntRb8n5gXUsx+B/t6zrikCEYhABE6LwAXOmxC/AKBWRyACEYhABCKwcgJ/P2d48aQ7TjJ+2ifE/seUTV8+/xGo3LkFjGNBnkV7MxmLr7Ei2Pvsmk/Jfecs4Lr+GZPrqCDS/3rKJmXi3Ph1Y/gNBZB4HHzWbPBRkwocNxCaIhCBCJwmgVUJ8dNsU+eOQAQiEIEIRGC7CYhUbow1V2wBzW4+zfnFSVzWf3Bywv1Jk3/MpH2efD6NNV0HBeu4zgsim9v7Rw8YlvTnTr543zM8wDAAgeN0fPzurPvlSSzwd5lcUDnj9X2ubWabIhCBCERgVQQWD+ZVHX/Nx+10EYhABCIQgQjsIAGW4K+ddn3IpI+YtLAIC4b2upn3CbXrTt50KYG/nCLXfonbOpd13gbvO8sFjvMpNsnY9LedZdzaiXafamNJNzSAy7v19ifibzHbcXufrCkCEYhABE5CICF+EnqLfcsjEIEIRCACEVgXAW7q3zgnE2X9+pMbZ/7pk4tM/uuTiz7Oij7FpnMQEDiOQP/ZWW+svsj1BLYI91ebZQLmEeYPnfIbJ3F/v//k3N1Ffn/plFnjHYNQv9fM+2ydThIW9ZltikAEIhCB8xFIiJ+Pzoavq3oRiEAEIhCBPSdAfAv0RpDLWXaJQmLx54bNbSZdeVLT0QgYZ87t/5dmc+7qD5nc8ADu7tee8jtO+rRJLOk+tWb+3WaeUOex8Kwpc3s3rv3PprwQ6veY8o0nEfnvOXlTBCIQgb0nkBDf+1vg2ADaIQIRiEAEIrBpBIwpf9RU6qaTWHaNlTau/Kdnnls7q/kHTfldJjVdPIHXz65PnyRw3P+c/FMnGafvk3Si319x5gWEYz23zcweeNf8yikItuezbTpPuL3/xCwztl3HySdNmdh3nCk2RSACEdh9Ah6Ou9/KWrgDBGpCBCIQgQhE4EgEjGsWOfxKs/UnT3r+pNtP+p1JxKCgZsZJz2zTkgn84xzvFyYJCGf4AGv6HWaewOayLgjcbWdeR8n/m/xykwh5op0lXQA5iUWeNV0sAGPTHed9ZtumCEQgAjtDICG+M5eyhqyEQAeNQAQisJ8EjBVeWCiJqGsOhmtMeu9J5lk/jcMW9Mu85dazRhNMlnFlto2y/bkwL9Y7tvW2tYxAe6859uK4jnfVmbeP/R3Htlc5s4yQdoyZPe/087OW8HubyR8+6c8nGU/+q5MrE4mfMOWm1RN4+ZxCIDhR2kXE9xk248pdH/eOe8l11WniU2uz+ZumD5v/v2GSDhUC/XlTftikL5nEfZ6QF8TP/rOoKQIRiMB2EEiIb8d1qpZ7RqDmRiACe0uAuCQ8WXPffSgs5rlZf8bMGwd918mJGPPG3v7ozAuYRZR8/5S/dxKL5GMmf/QkLtsCnLE4cgkWZIuLsMR6bDwvK6R1fzHbGyMsarbtLZdE4Laf9eYF+zIO+09me/OWW2+MMYFr2YtmnW2U7S/A12K9Y1tvW8teNts6/x88BXMAABAASURBVOK4jqce9rG/49iWmLPM+GPHUGbltr3zc0P/rTmWfWxvzDIBZzuBxIwhV778bEPkP27yJ0/Cx7airxvv7BNpD57lWOP4pVMWOZxAZKHFmIC/0Sz/4klE4OdMzjXetbrjlF1H++tAsO4Gs+zjJjnvO0+us2GyA9dYrmNCrtNBrjNEvi/JtXfNXC/3Miv4PafxXz5JRHxiG+tvnvnD051mRnIvWuc4IsS7jkS+zh1pNmuKQAQisDkEEuKbcy2qSQROm0Dnj0AELkyAqLIV8cTV1phYgumGs5AwY6VjwRPQ6sdm2VdNIg4IOFY9EaqJX2KD8CMmiQ/ikVg1/wezzysn2c48UWmMM2H4wFnO7VrOvZdIueUsE0F8sgMRrqV/nxm59IYpE6vfNrmxu5K6yAXdkgTa4h5M1P+v2c643Y+d/GISRiybhKVEBFnG6ilQF4FqOW7KlhGnrOa4LpYL7KUzwjbEqWNgbpntPnHqR3B90+RfMwkXbfn6KYv4rY2WLeYtw822d5ltPn7St04SCfxmkwv4pnND29Xf+WbxAZYs6lgq46lMFBLlzqFjRC76+CLiOMu7cxpHbd3d52Dq5F4wvvrXZv6+k1xjQl/HxH+deZ0OhLvOkFvNvPuA1VdHw0fOvI4E95j5D555HRk6ANw3zmlc/L1nuWMQsrbVccDDwLnl5i233nY+a6auPBO05Z1mf/fyZAc6EwRlY73WQYS5a2MsuGvKq8A1XHQsLLi57vZf5K6Z+UVuOx0Srr2kbP25ks4Wfyv+FnSK6CzBiwjXIeWe+o7ZGevJ3jRpn/uEONce7LDUuaLu7gMb2ldeikAEIrA2AgnxtaHuRBGIwNkJtDQCKyPgRd/BFy/+xBwRwqpM7BEfxPMHzkZEKOsZCzJh4WWe+zKh5uX9u2abp04inkXjJp4Igp+ZZQQTkeyl335ELWFAQL7drF/81sqJKgLddoSPpEwUqxfLKkEo0jehQCAQhdy3WQWJHUKUuGFhtZ6A/ZQ5D1Fyt8kJPmWCimhSVh+BsVjHWRtZzgkZZctY1NVjkQgaLsQXk3QoEEwYSToSLMOReCSoLCc8lS1jnWeZZ+leLGcRZym3DWunY7CIW2a7p01buSo/cXLjibWHCOWOjrEksJhPdGm7a+Wa8hYwTtynzr569jWO3L2CKVH7L7NM5wZRSzC/ZuYFg3M+wts9gjEhep9ZR4Ti5lroGBGYzLXyGTXXkBu1dTpl7OOa6Az4qNlX54j7kzB2T7oe7lNC0bz7jXjXkeIcvzv7uGdeOLmOGPee5cS7ToZnz/KfmqRzYbJjTzeZPRzPPSfXDrm6yK93Zj3rtHp9+MzfbxIvgOdM7v5Txy+aMvFLJMstd83xkevs0DZ/NzoH3H/KrrNt/J1g61iis2NpnY4W18j488fPOZ476VsmWcYCjueDZl7HhHO6xjpRnjTLdCK4/q6P9jiWMej+Ftxz/q55VDiX+/6HZh91cu+4l5QdX9n10kb3CDHvmaHThFu9jgvWfM8T690zOgF4SdxujmmdTg0dOf5G7eM55HnhXpD7e9fZ4d4y755wf/pbd0/pAJxDNUUgAttMwEvBNte/ukcgAhG4OALttckEvHiqn5dQLsTceVn+uBaz4hEyXna95Htp95LrpZs1l/X5KbMzSyN3Yy/bXvzlxAqx6+XbC7F9vUQrzy6XmR46SxyTAPFSThCwHhJThBXL53+ZbYgVVk/C3gu047Eks156eSfA1NlxiCXij2AkIgkuwlCAKy//RAsR+6o5LuGq7uZntmmFBIj8V8zxfWKLSCPOXAsdIu4tQlG0b8KO1VyQsdn8WNM/zdY6ESRl55xFBzoV5MSgnOCUm3/tFNx7ttfRICcMXzfL5f88ufWvnpybvXuGmCfc3VvudWKVxV0nhvtQbt5y622ns4Kwl+sMIkjdy4S+jh8eHMbw+5siFnV26DDSCUKUi4BO/PL4EJ1ex5bt/P3ILXdcf0Nyf1v+PnRAqRORquxvxN+G3LF5O6gf/pYtcsu0X0eZc1gnd15l6/ytDZY3Tbgp6KjAVGcK8U6gux462nihEO3ejbVNe4lpFnQdE543BLDnkO2Ib6Lf+fydSz73Zl69dRZIllsmt716YW2ZXPrFqZwOK3/vcnVbdE6Z9+xyP7pndFzpnDKUQ9k11wYdWdY7hlxnjXsCK7kOD88ajLASM8Fz1DPQ/eA5qtNO+zx7dfoR/5512j9VbIpABJZJwMNmmcfrWBGIQAQicB4CW7zKWFiffvKSTRyzImsOl2wvaV82M164vdB5gSdyvcx5QSdsiAiCmqjx4kfQ/ubs43isX44hJ7QFY7INCybLIcsRy5IXdvt58f/Q2XcxcRNW9nLpfMb52peF2sunF38vxOrB2uXlkmBnCSWmvQizbhEALFSO4SXZSzrxRZS9YE5ApLCosZB62WWxJYC8JM/qph0i4D51bxKXOnGIIc1j+WWJJZTck5aV3kyA+FMiEuWLDoZFTkhavshtRyATkZIy0UhgEtKY+1sk/g3dsM6xdDxwwydeXQudBZbpLNCZRWzqSCA+DUvwPDBkgDVbx4NniOcAbwdlHgZc3f3t8zJhMTcEgoWbCGf1t51tPDcIZFZ46wlZnSE6/gw1IGZZu28zDTX0wfOMFdsz0fPR89LzyLNRsozoJ+w9A62TW2eYgM4A855dtiWOHUt9tE3yrNKJoXw4x+Zfpx4mEer/bQqHk2e67e3vHleWeCoQ9a6Pa6VDCHcdVeYlnYOuk2vCo0bwPZ0suHiWen7ruGD9x0871N+zd6rRFIEIIJAQR6EUgQhEYHcIeJH7T9McL5IsGV7oCAZjRrmDekFikSEyWUYIVhY0L7UsQl5qF+LSy7Eox17Ifm+O6dNEPgHlRZTLKOFMoHLp9BLGXdNLL9ds1haWQ0KXoPEC+fZzjMVEyBDiXuq8CHrplhO1rJJexFmbvSx7mfOSSeQT19pBnBPezuslnMXNS7iXcS7k2uElnjhwDuf1Qin3QikvReB8BIwHZzVm3fS35G+I9dE+xjQTdgSR+dJuEvCskDxHDGfwnBJPgBAljolWQt6zjJhGgShn4Td0xfPJ84pAJ+p17BDYi5gOtl8kx/SskrN0e/Z6Tpr37CKGiV/PXc84HQ6e4ToKPQM9D7nN8xqQe57qgHCP6sQkjHUS+A3w/PzoOTGBzNXd74RnNKHM6m+54RrEM7d4bTW8xXNYMizBM3cOcUlcCmUdVc4r6eCUdGCqt85L7eOR4XdEm/w98U7QMaKThKBXN15FOlsXdfB7pl7OUYrAzhBIiO/MpawhEYjADhIgqL2IcHk2JpUQZW3wwkI8cw/l3sxqy5okcWs1ntVLnBcdlg0vkFwmvex4afMixZWaG6Jje0EzRtEYSi9cXhK9fHlh9ALkBQ1eIplIF2WakFcP7qNe7IzPVEeWcWM7b3hwcGBsrJdTL4YCJhHsXt6IbJZlolqdzTu+nNj34mneS+jrFUoROGUCArRxpyZMjEdXHZZKIoIIYqW0rLQ/BDxftZbo1TnJki6OgI5PlmUdnlzebSMRmIQxS71OS89Dnjo6dHjnEMus57Y9zeQZ7Nmr84H495uirbyL3PuSNuugIvIN99E2XlDiHmgDce93QweWTw5appPY3499uOlLBLvfALE0pP84DdexgQuLvt82At75udr7bTDPwwo3FnmdHreY/fw2OqdAg343Z1FTBDabQEJ8s69PtYtABHaXgJd4bpAC+RCyIlWzoHBv5PLsxY6g9uLBam09azOLARdJ4plrpKBSxih7+ZCOQ8w5vHAJ7CQ9Y3YmNlgxJMLfWGcvUiwkzkOse5kUFdz4TFZvoprlxwuSOhLPXprmcKcwdcoIrI6AsdmEhIBoi7OwMurcWsyX7zcBnkUICBRomI1nKuFIaBOrYkx4trqHxIZgKTfUh7j1bPdcJmwJdlZh95eI8qzWjruNSYcwazhhz/tK57D26hjm3r/oyPV76LeGuz5RLTggAa9jmAWfcCfUeWLp5MUCK39/1vn95L3FU0EHgk5jZZ1l2PrN4mFleJMc03eYg/AEmKwpAuslkBBfL+/OFoEI7A8BItsLApFNPLMce0Egro1p9kJiHCP3Qi8jrMmi5wpgJLK3iLknoUUIE9eSl0CukSwXLNNebLyAcK/10uNFUDKGm/utFxqJ9Zq7N9dMgv0k9dn5fWvgXhFghfOSv2g0MWGs7GK+PALnIkBoszp7LuvEJLaNPScGjdX27OW6TWiyrhOR7i3PcuKelZ0nhue13w2eUyzO5zrfNi83LIqA1zltWIDfS1ZwQ594XukUMxafRxcGLPI6NfyO4shqryPkMANu9TpE5LzKdHQ7B4u/42Kr08SXI3yNwm+530+u8ToHDh+rcgRORCAhfiJ87RyBCOw5Ab31rMR+tL0sEdZEK6Gt7EWLyOYyx4IsOI6XppNiY2VxPlZrlgAvIizXrAZe3iRBgYhrSWeA7b3McZ300mEM4knr0f6nT6AanA4BQbCMmeXFsqgBC5u4Bov58ggchwChKfAbt3XPeFHZBavk3k1Ucn1n3fX8JkC5dvOUMjxJzA5DhVjPiXOR7hdfnzhOHbZ9W+70ouIT8AS7T+rpBNcpbqiUL1j4zfabLP+kabC/WS7zvLkMo5pFl0xYstLjr7MEa9twnTfu3fAuv6t+bx1Lclweb5ccpEIEzkUgIX4uMi2PQAQicCkBP7KC7PgxZyU2bo3YFrlXmYudFyA95z53dOmexy/57JAfez/0XBgJeCKbKx2BLfnWrx56LwdexmzPcs0V7/hnbI8IHJtAOwwBL+LGArNuzuzB285/LHCTNUVgaQQM+eGK7asOnvks4n4HjCv328Cya7lx2Sy4xLlI84S93ydBK3UYCZwpCBphv7TKbfmBeHrp/OChhpnPE4qezzqu44NIJ97FgDCcgBeCTm1iHHN8IcDdlxYk+/BIE7RPYD2i3/FZ7QUf9SlOHeTir4jHYv/SnhJIiO/pha/ZEYjAWQkI8OK7sT7BItIrYUtwewkSFZeFmwuqHu+zHuCIC5852/lBZtE2xtrLFHdxL1fcFFm4veB7gRIUjcjmqji7NUVgjwlsXtM9I4w7XdSMl0zuqwsa5ask8Ko5uN+Gp0xOnLOg+z0xvppI56nld8z4bOOrdRIZly7wmUSEGjZFYBKQLOg+UTmHazoHARZ3wwN4vIlYz+LOYu6dQSeHJIicTnlxU4h17u9yX2FwWMMNxHgRcJXbPNd449cNU9DZzyX+I2ZD19MQsp4nA2NXp4T4rl7Z2hWBCJyPgPHXxkpz+1u4ARLcAqMZ96kHXA83cXy+45xvHeEuSjmxzX2NVZ3QlgRY84kvP87c5rxMcTc83/FaF4EInBKBC5z28N/u5WZb41Qna4rAqRBgpfWFC2OdWWXF/fCbx6uKy7TfJAHTWNp5XXHJ9jvIgm6ZL27w8rrf1N5XMLhtHzcGHj7UAAAQAElEQVQQ6Oy61xOWgpb6EgirOJ4817xzGE5GiHsv8Gk7/Il1olzA1AU4/H0OTmwAY9oForOfbc3b1xAF11XUePsR7vLSlhBIiG/JhaqaEYjARRNYiF7fWNXjTHALliNaLQsBS4Afsos9gR5xAV64n7Fs+8YssS0XTIbYdm6uahd7jvaLQAQ2kwA3Ux1uh2vnOXN4/mLL7ReBZRJ4zRxMZ7PfJFHK/V6Jxk6kKxPtXNgJeUOieG2x6hLnLMEEpXHXYiMIVsjqO4dsukgCAtAZ1uIzdjwUeL8R8Fziuch7L+EVx5vBdSDUddor60hZnFaQV1Z5XnSs6zzquMIL+srF/jqzoS+dTNa0aQQS4pt2RapPBCJwsQRuPDtyx/MywWXsqTNPdOuFNt5axPCLtVR5gdFTLViLcXZeWvxIEtwfPufxYsLNzI8kS/gsaopABPaAgKEqxo8ebqro14fnt6xcdfeMAEHot+sh024C3fhlAv3qM++3TsBRVlkB4AQkFPTssbOOe/bLJ7eOYBTYzO/iW/89zCZNJyCgE8TuhhUIQkdsGxJDmOsY4V3HpV28GOPTBe7T2WIf6YPmP/O3mtw2kzVtCoGE+KZcieoRgQgclQDXOj3xxrX5YfI5MC5ggpzpWTZek8uX6KVHPebh7RzHj5sAOIS9z3sJqCJIC7eyx8/GXloasz0gmiKwxwR4whDihxF4Hnk+HF5W+SgE2mbTCHBRdy/zGjP2XMez+Ci3mYpybzf+3P3OLVoHtSBxor2zoBPofp/9ZhrrLHbC7Na0YgLG/WPPFV4uToDAcjoHF2PURddnVfdu8/Yrrk+HvwCBhPgFALU6AhE4NQICpwkew+VKDzyXrZdNbbhc6Yk3rkpgFJ8De4dZftzJMQh3LxRcu/Tke9EQLE3U1AfNAY3F8sM2xaYIRCAClxAQAdlz45IFZwq8cXjinJkt23QC1e9YBIw9Z5FlYWV9/YDZ2+8mbzPWdEHjiPGrzHK/z4Z/PW7KvjDCDdtvqmBkOtJZagnEAsQNoDVMT5tzcF8XO4Cxwfw9Z1nTKRJIiJ8i/E4dgQhcQoDoFnyE6PYj8fxZYywb8f3IKXP9Jsq5ys3ssSafJHnC7EFwi1bqM2ReHG40y249yQuF9Vm4B0ZTBCJwQQLGbLL+vduhLf9pykTIW48Xn8VNEbgMgV1b8KxpECur6N9Eud9YIp1rO4v4A2e933W/v8SfjnS/uQIdvnTWcbXmbSauiv2vOMuaVkPgt+aw3osErCXIjf0XTHYWN62bQEJ83cQ7XwT2m4AfZz/EopLrVTeWifsU0c3Nk+gWBVQApOOSeu3sIEiST4w5hmBpzuczICxXBDdXuefOdk0RiEAELoaAcbJExVt/UcE3xAVGEgjyYo7bPhFYA4G1noK45touANwD5szGnl95cr/L3NmJboFMBSrz98T93ae//I4vvN+MPbcdcc6VuvHnA3BJ01/NcYhwRgpcuazPoqZ1EkiIr5N254rA/hLgPu4zKK8eBIKZ+eYma/QHzjwXtsmONf30bO0H3Ni1j5yyH3bBZViq7jLzAsk4zxSbIhCBCCyFgA5CwoCIeOsDCoTE0vTWy5uPQAQuS8CnuHiPiOci0KrfcJ3mrOUCn3KBFw/G2POFOCccDRUj0p84h/y6Sb6KkvV8QFzk9IbZTzA+Hj2uAaPFe8+ypjURSIivCXSnicCeEiC09W4L6MJt7bhjwYzjFpFVVFAubkS7H4tPHZ5+wP2A+MzHzDZFIAIRWAkB3wa/7RyZ67mOvym+xWRYjefcWyxsJgIROBYB7tLiwfgUqE4vv/Us4X777zxH8vfnc6GGqPm8mgjgvoryqln3N5O8ZzxlcoFWfcLrylNuOhoBQwsMK/jq2VygW8MFp9i0agIJ8VUT7vgR2E8CxoaJqMr13A/p+SiwkrNwP2o2Iq796Orh9iNsHDd3Nt8z5eL2itmmKQIRiMC6CAgo5fn05Dnh2UT4D81yQ2oma4pABJZMgED02y8IIqHoc6HeDQw9M896rrPeJ7543gkgx9VaIDLvC1yvCXRD4bjHE+gsvqztS67qJYfb5oJgtVeaBtSxOBDWMSXE10G5c0Rgfwi80zSV9Zpb2adM+WzTv85CvdbGiV9nyh76LNxfOGXu5n50RVed2aYIRCACayfwdnPGm0/iceOF/lzPMkNgPMe4dc7mTRGIwJoIGHrGQs56rrPe3yuBLgaN6O0/PPUg0H13m0A3FE6cGH/Plvn6CoHuyyks6ALFGqNurPrsuo3T0uosqv0Xz9EMATAuf4pNqyKQEF8V2Y4bgf0joJf5F6fZ3zjprScPdFGGjaN8x1nJzdO4L0FaZrYpAhGIwKkT+OSpAcvZv0xuyIt4E1ed8tkmnYYscq8828qWRSACp0JAMFbD4AjJ8wl0bvAEur95FnReLaK2CzDHkk6wC77IG4+n3g2mNdJkOz8xlrxwWomRDoorTPncU2tORCAhfiJ87RyBCJwhwJXcj59e6TOLLsl8R9R4L+MoCXXBQS5ZWSECEYjAKRC4/JzTSzh3VV44r5l51jGWsymeczIW1WcQvej//Tm3akUEIrBJBN5aoAsMx4L+YVPJu04ixh8yuSByIrtzYf/cmb/fJG7x4tVIb5x5x+INswgYJ3ijMdW7JNS59OtolG4zbd64aVcqlBDflStZOyJwugSIbWOzDtfit2fmupNENmURn2JTBCIQgVMj4IWSe+rzpgavm0R4m/e1BV9dmEXnnHxm8Xtn7TUn+QxiHYoDoikCW07Alw5+YNrgOXDfyYlqAl1sCPFqPDN4+T191nF1f/HkxlHfcfJFwDjLfYKVUDdMxbaO+bjZ5isnGc/u82DbJtRfMnX//Ek8AxpTPyAODg6W/n9CfOlIO2AE9o6A8ZN3P9RqEUwfOPN+rIwVn2JTBCIQgbUTuMmc0fhPAZ9YsgRdYwH/kFl+1OkZs6Gxo9ea3HPu3ydvikAEdpvA703zeMoYqnL/KX/CJK7u7ze5r78Q6ZLx6IbdEeOSDrqPm22+ZNIdJj10Ehdvn10j1MW/MSTvj2Y5izqhbjufd/WVGUNh3n/WbcrEi/GpUxnjxidrWjaBownxZZ+140UgArtC4D9OQw4/oF8780+axM1rsqYIRCACayXA5dQwGcKbtcuzyLKjVsL4cBGDBZ3k0eOl2gszS9dRj9F2EYjA7hLwLCDSJc8aw+6IdMkwvfecphPp0r2n/IOTiHTp36Z87UkC1bKoE+os547jKzOGu/yfWS+QnHHaxqw/Yeadw3AYwp9lnVi/3ix/h0mrnDxHf2JO4Os3BbIbEMueNlqIL7uxHS8CEVg6Ae7oflQcmKVIgCMWJ2XLShGIQARWRUDgR19cEPjRy+7r50Ss36xLUzzSZGy4Ty3eY7b2aSQvtlzVBWnKo2egNEUgAsciII4EkS4R2oI+EumSAHFc3yUxdQSC01koEdzEuvS2c8brTyJ+xaR4+JQ940SKZ1kn1v9glokAT7xzmXc+nYbOKWq884qD4dkmmC6vHhb9Cw3DmcO+xWS8uHHzxsG/xYpmTk4gIX5Zhi2JQASOToAb1WJrPacCmPzVYkF5BCIQgSUTIJZvN8cU4djLKA+c+8w8axERPcULTsS3l967zZbXmKRD0Yvuc6bcFIEIRGAdBJ49J/H1BePTpdvPPLEusawT6+86y248yTOPaL/XlL990qMneYYZmz7FA9sS2qzs3N191s3nF8XBeNhsQLAT6386Za7xIsMT7kT898wy2whKx+LO+u45KzdvjPxscvB3/istl0BCfLk8T3C0do3AVhJ45qFaX27KnzTJj8hRX4hn86YIRCAC5yRgbKYXQpagv52tvLwKlmbcNhE9i440/dJs9TWTjA/3OR4vvV5UuZnO4qYIRCACG0dAkMjnT62ePIloNxRQx+PnzbxnmEBwxDoRzuptnPmVZp3gaqLB+1SsyOeG2rCoC7xmzPdscsB4IifejWkn9D1ndUp6zsrN6whwXuPmbV9aIoGE+BJhbuWhqnQETkZA76qX5H89c5jPmpw493kPPxx+JEQf7VkzYJoiEIELEjAW0TOFayWrjWBBXghZZq52wb3fvIHxlY+YIiuT5w9rkc8RffMs+51JTRGIQAR2kcALplGvnsRSLnL7U6ZMTBtqw1VdFHTeQ1zkjWEn4rnAG2LIbf3qs71n7U0nJ+A9i31+liV+FjUtm0Avx8sm2vGORKCNdoqAiKGCk+htJcw17obzn55Y0UK9+HKh4kJq7KUe21ndFIEIROCAuGaN4RZpWItAaYQ310rjEo+K6NdmQy+bOv8MmbG/cZdZcQZMUwQiEIFzENDhKao713Xu5wLHMaYQ8N7veoaeA9wyFifEl0GxY2wLgeq5OgLGGeltFWXY2CLBQXwqSNRiZzW+SVClB8+MyKACKnEv5crOYjWLmyIQgT0gwJ3yIdNOgptbOHdzlhtuke81y486eXEk2D1D7HeL2ZH75W9O3hSBCEQgAhHYeAIJ8Y2/RFVw+wnsVQt8mkPAIy/IhDc3U2MyfQKIMBc45FVDhAWdODdWicVcVM4/m+WiHRuP5NMcM9sUgQhsMQFjuO8+9f/fk/yNG5P4k1P2SR/Phnea8lEnkYJ13hHs9iO+dfj9whyAKJ+sKQIRiEAEIrA9BBLi23OtqmkEjkdgM7b+l6kGof2MyQlzrqPcTT905kX2NP5I5GPB3QQX4RL127POMuM8uUYJ1tRnMwZKUwQ2nIDo4yLsPm3q+dpJPuPDtVHsiHef+eNMPh1GeAtKZIz3jWZnn/ERsOh1U26KQAQiEIEIbDWBhPhWX74qH4HNI3DEGnFl/87Z1kv6IkiIwCGCg3Bb9VmNt5/1goYI1iTwiH1Y1VnX7j/rbjlJdNDJmiIQgTUSYM32t2lctyi8Os5YuwUG4h4uMNo7HrM+PGV+aPbxd/3OkxvmQnj7TM/MNkUgAhGIQAR2i0BCfLeuZ62JwLYSeOVUnPhmAb/vlIlyL+PXnPJtJrGyCRjCxZ117UGzzOeI7PeXBwcHhPpPzLLHTuL2ap/rTZlQf7fJmyIQgeMREFVXcEWu5ZLhJuI7ENzGd/tb5Sb+uXPYixlK4vM43z77fuYk3jA8ZQRt89UF1vRZ3BSBCEQgAhHYXQIJ8d29trUsArtA4CXTiJ+ZxALOymZsqKjrhPrnzHJRkY0RFW2ZW+wdZxmLOsv5H0zZ2FGB4YxPJSREBPX9Ye6txql78Z/NDq7jv0n/edIxpjaNwNYT8DfF+uxvwd/Tz06LDAuRdI7xWpEMI/G3N6uPNYn9wKrN28Xf7c1nb67m8vtM+fGTdKRN1hSBCEQgAhHYHwIJ8f251rU0ArtCwHcyCQTWb98JFq2d5Y4rrBf8K0xDWei89Av+9k0zb/sXTf6Hkz5i0hdOMvZUtGZj1/9o5kVf/pPJ7zmJ5U/+0Cmz2N1hcmLlTpMLEsXaPsVTmjptBI5HujEkJgAAEABJREFU4PKz+U0m6agitonfJ8/8y84kfxf+Fr5h5j9lEmv4ZMea/nG21inmywgPmPInTuLV4m/R3xoLur9DlvBZ1RSBCEQgAhHYbwIJ8f2+/rU+ArtI4DXTKFY4L/2PnLJxrKznAsF9zMzfaxLB/s2TG58usBTR/iszT6TI/2LK/zzpppNYyb9/csHlHjE5yzpr+2OmzOIuCvQTp2z+fpPb9vMn50bPbdf+V5l5EaQn296pmm80AZ1DAqJxI7/z1JTYFuzM3wPrtk8J6rwitnmF3Ha2ufokYnmyI006sxzT34lOMENAnNPf0xXnCDqzvn7yB07yd5WL+YBoikAEIhCBCJyNQEL8bFRaFoEI7AsBQaZEYCbaXz+NJi5Eefdpte+bedZzFnXjV1neBaliKWdpZ0H8wdmG+zyxQ8wT3rZ71Cx/+iSBrFjZXz5lOdd4bvJPmnmBqbjsGttO5LO2sxyy0LMiElbSbLrXU41/M4HrT3bVSVzEDaXQASRg2t/OMiJb55B7ixu5e4vYdh8T2izis9k5J/cm4Sz2ApEt4JqOJPEVnJfQlpxXADV/J7YzbIRV/ZwHbkUEIhCBCEQgAmcnkBA/O5eWRiACETgbAePNWcu/Z1YS78QICztXd5bBG85yguX9JheAipC/65QJd4GpiHyiRxA5ru4s9VzfucCztv/YbEuk6yAgrCQi32egCP4Xz/rnTyLwWeCJeFbOr5plOgG+YHIdAV86Oas8MWbsL2HPYin4nfO+y6z3STh1JNIIfoKN2/2sajo4WDkDn+Py2b4bzJk+aBIrtnuFR4XrJ/dlAffbD8/6F07i9s0jw7a3n3nJtfRb7qsCPv0nt63782GzDQv4rSd3HxDyrrH4CMaGu1elD5j1XMltS2T7zKBPDhL53NZndVMEIhCBCEQgAssk4Md7mcfrWBGIQAQicHBAMAtA9RsDg+WccDdu9lYzzz1eItKJIImlkUVd4t5rWyJfEh2eMOduLyjdv88xiO7PnpyIN+73W6ZMnHPFJ+Ccj1Wee7Lz29/noUSYJ6yM5zUu3jF1DBD8RJzxu+rsGIQ/UUaM3WOOz5rvXC+dMoHvmCyyOgFEqmd95SFws1n/uElyHQUfOWU5oSe3r3oK1sX6rx3KLL2Y6NSw7ENmPx0E7zG5McsEq84DYpK7/yzeiImg1vGiXurINVwbdYi4Bt82tTR0gbAlkFmt8fYVANfz92e9a8yKfZ+DgwP7Ec1yQt3v9FNnG9dSIMKvmLJhFTp93E/OfeNZdrVJHzpJbp17ifcGK/fPzXLH56JuOIWOHZ4gs7gpAhGIQAQiEIHTIOAH/jTO2zkjEIEIROBSAsbesmBKAl4ZY0sESwQu4b5Igm4R72+dWNmJr3Ml43l9+o1Q5HbMFf7rpgrEvuQTcSyhPh/l81SE42/OenUi2Al4nQDq+oZZrrPhXycnlCWC8BYzbyy8un74lHUUEKVy1nq58yrzAuBGraOAizNLL48DEe1Z+583+xOshCMBSbDq3GDx1XkgVwdlnQPc/4lcHQS29b35J8wxCFgdAzwHCGPHto44tt6YZ2XbOLcODeuts9z+PBUwcfxXzDGdz3l4KxDUfzrL1Md5tck+OjN4JYgM/mmzXieCT3+5bgIOOi8GzuO6EN+u7bVmW50QtrvblHkxOB52ziPoGR5EvTgG6jKbnWxq7whEIAIRiEAE1ksgIb5e3p0tAhGIwKoIvHoOTDSfKxG7LNLfO9sR2YSn8e8spQQ/sUlEEufGrrNM//xsSyT6pBVxbX8593nWWGKThZZ7Ptd7Ls6EpSBg3zH7EpPGv8uNf5frEGDRtr9geKy39tOBwHq++DY1zwBW8vvOcXQUSCzpgulJRDqLMmFsLLOAeIYHcMNnmVZv45l1BIh6z5pPGLO2W0ccW6+jQ9k22szbwHrrLLe/uosP4PjiBTif8/ASUJdF0nbeDPYhorHSQcL13DAAbXUMdXB8lm3u5eIJuA6uIVf0afJeTDUyAhGIQAQisLcEEuJ7e+lreAQiEIFTI8CyS3RykSY8WZN1IPz61IhVmtWaZ4COAe7YOgok1nTi9nBieSfwz5cOu/4T/MdJrPznOjYvgMN1Iap5M7Ck66Qg0LWT1Xya1rQZBKpFBCIQgQhE4PQJJMRP/xpUgwhEIAIRWC0B7vSE/sWkX1tt1Tr63hCooRGIQAQiEIFDBBLih2BUjEAEIhCBCEQgArtEoLZEIAIRiMBmEkiIb+Z1qVYRiEAEIhCBCERgWwlU7whEIAIRuACBhPgFALU6AhGIQAQiEIEIRGAbCFTHCEQgAttDICG+PdeqmkYgAhGIQAQiEIEIbBqB6hOBCETgIggkxC8CWrtEIAIRiEAEIhCBCETgNAl07ghEYLsJJMS3+/pV+whEIAIRiEAEIhCBCKyLQOeJQASWRCAhviSQHSYCEYhABCIQgQhEIAIRWAWBjhmB3SOQEN+9a1qLIhCBCEQgAhGIQAQiEIGTEmj/CKyQQEJ8hXA7dAQiEIEIRCACEYhABCIQgeMQaNv9IJAQ34/rXCsjEIEIRCACEYhABCIQgQici0DL10wgIb5m4J0uAhGIQAQiEIEIRCACEYhABBDY35QQ399rX8sjEIEIRCACEYhABCIQgQjsH4ENaHFCfAMuQlWIQAQiEIEIRCACEYhABCIQgd0mcLh1CfHDNCpHIAIRiEAEIhCBCEQgAhGIQARWTGCNQnzFLenwEYhABCIQgQhEIAIRiEAEIhCBLSCw+0J8Cy5CVYxABCIQgQhEIAIRiEAEIhCB/SGQEF/Rte6wEYhABCIQgQhEIAIRiEAEIhCBsxFIiJ+NyvYuq+YRiEAEIhCBCEQgAhGIQAQisOEEEuIbfoG2o3rVMgIRiEAEIhCBCEQgAhGIQASOSiAhflRSbbd5BKpRBCIQgQhEIAIRiEAEIhCBLSSQEN/Ci1aVT5dAZ49ABCIQgQhEIAIRiEAEInASAgnxk9Br3wisj0BnikAEIhCBCEQgAhGIQAR2hEBCfEcuZM2IwGoIdNQIRCACEYhABCIQgQhEYNkEEuLLJtrxIhCBkxPoCBGIQAQiEIEIRCACEdhhAgnxHb64NS0CETgegbaOQAQiEIEIRCACEYjAOggkxNdBuXNEIAIRODeB1kQgAhGIQAQiEIEI7BmBhPieXfCaG4EIRODNBPo/AhGIQAQiEIEIROC0CCTET4t8541ABCKwjwRqcwQiEIEIRCACEYjAQUK8myACEYhABHaeQA2MQAQiEIEIRCACm0QgIb5JV6O6RCACEYjALhGoLRGIQAQiEIEIROCsBBLiZ8XSwghEIAIRiMC2EqjeEYhABCIQgQhsOoGE+KZfoeoXgQhEIAIR2AYC1TECEYhABCIQgSMTSIgfGVUbRiACEYhABCKwaQSqTwQiEIEIRGAbCSTEt/GqVecIRCACEYhABE6TQOeOQAQiEIEInIhAQvxE+No5AhGIQAQiEIEIrItA54lABCIQgV0hkBDflStZOyIQgQhEIAIRiMAqCHTMCEQgAhFYOoGE+NKRdsAIRCACEYhABCIQgZMSaP8IRCACu0wgIb7LV7e2RSACEYhABCIQgQgch0DbRiACEVgLgYT4WjB3kghEIAIRiEAEIhCBCJyLQMsjEIF9I5AQ37crXnsjEIEIRCACEYhABCKAQCkCETg1AgnxU0PfiSMQgQhEIAIRiEAEIrB/BGpxBCJwcJAQ7y6IQAQiEIEIRCACEYhABHadQO2LwEYRSIhv1OWoMhGIQAQiEIEIRCACEYjA7hCoJRE4O4GE+Nm5tDQCEYhABCIQgQhEIAIRiMB2EqjWG08gIb7xl6gKRiACEYhABCIQgQhEIAIR2HwC1fDoBBLiR2fVlhGIQAQiEIEIRCACEYhABCKwWQS2sjYJ8a28bFU6AhGIQAQiEIEIRCACEYhABE6PwMnOnBA/Gb/2jkAEIhCBCEQgAhGIQAQiEIEIHIvARQvxY52ljSMQgQhEIAIRiEAEIhCBCEQgAhF4E4FtE+JvqnT/RSACEYhABCIQgQhEIAIRiEAEtpVAQvxIV66NIhCBCEQgAhGIQAQiEIEIRCACyyGQEF8Ox9UcpaNGIAIRiEAEIhCBCEQgAhGIwM4RSIjv3CU9eYM6QgQiEIEIRCACEYhABCIQgQisjkBCfHVsO/LxCLR1BCIQgQhEIAIRiEAEIhCBvSCQEN+Ly1wjz02gNRGIQAQiEIEIRCACEYhABNZLICG+Xt6dLQJvJtD/EYhABCIQgQhEIAIRiMDeEkiI7+2lr+H7SKA2RyACEYhABCIQgQhEIAKnTyAhfvrXoBpEYNcJ1L4IRCACEYhABCIQgQhE4BCBhPghGBUjEIFdIlBbIhCBCEQgAhGIQAQisJkEEuKbeV2qVQQisK0EqncEIhCBCEQgAhGIQAQuQCAhfgFArY5ABCKwDQSqYwQiEIEIRCACEYjA9hBIiG/PtaqmEYhABDaNQPWJQAQiEIEIRCACEbgIAgnxi4DWLhGIQAQicJoEOncEIhCBCEQgAhHYbgIJ8e2+ftU+AhGIQATWRaDzRCACEYhABCIQgSURSIgvCWSHiUAEIhCBCKyCQMeMQAQiEIEIRGD3CCTEd++a1qIIRCACEYjASQm0fwQiEIEIRCACKySQEF8h3A4dgQhEIAIRiMBxCLRtBCIQgQhEYD8IJMT34zrXyghEIAIRiEAEzkWg5RGIQAQiEIE1E0iIrxl4p4tABCIQgQhEIAIIlCIQgQhEYH8JJMT399rX8ghEIAIRiEAE9o9ALY5ABCIQgQ0gkBDfgItQFSIQgQhEIAIRiMBuE6h1EYhABCJwmEBC/DCNyhGIQAQiEIEIRCACu0OglkQgAhHYUAIJ8Q29MFUrAhGIQAQiEIEIRGA7CVTrCEQgAhcikBC/EKHWRyACEYhABCIQgQhEYPMJVMMIRGCLCCTEt+hiVdUIRCACEYhABCIQgQhsFoFqE4EIXAyBhPjFUGufCEQgAhGIQAQiEIEIROD0CHTmCGw5gYT4ll/Aqh+BCEQgAhGIQAQiEIEIrIdAZ4nAsggkxJdFsuNEIAIRiEAEIhCBCEQgAhFYPoGOuIMEEuI7eFFrUgQiEIEIRCACEYhABCIQgZMRaO9VEkiIr5Jux45ABCIQgQhEIAIRiEAEIhCBoxPYky0T4ntyoWtmBCIQgQhEIAIRiEAEIhCBCJydwLqXJsTXTbzzRSACEYhABCIQgQhEIAIRiMBeEzgjxPeaQY2PQAQiEIEIRCACEYhABCIQgQisjcDpCvG1NbMTRSACEYhABCIQgQhEIAIRiEAENoPAXgrxzUBfLSIQgQhEIAIRiEAEIhCBCERgHwkkxNd31TtTBCIQgQhEIAIRiEAEIhCBCETgICG+8zdBDYxABCIQgQhEIAIRiEAEIhCBTSKQEN+kq7FLdaktEYhABCIQgQhEIAIRiEAEInBWAgnxs2Jp4bYSqN4RiIlEBQ0AAAW6SURBVEAEIhCBCEQgAhGIQAQ2nUBCfNOvUPXbBgLVMQIRiEAEIhCBCEQgAhGIwJEJJMSPjKoNI7BpBKpPBCIQgQhEIAIRiEAEIrCNBBLi23jVqnMETpNA545ABCIQgQhEIAIRiEAETkQgIX4ifO0cgQisi0DniUAEIhCBCEQgAhGIwK4QSIjvypWsHRGIwCoIdMwIRCACEYhABCIQgQgsnUBCfOlIO2AEIhCBkxJo/whEIAIRiEAEIhCBXSaQEN/lq1vbIhCBCByHQNtGIAIRiEAEIhCBCKyFQEJ8LZg7SQQiEIEInItAyyMQgQhEIAIRiMC+EUiI79sVr70RiEAEIoBAKQIRiEAEIhCBCJwagYT4qaHvxBGIQAQisH8EanEEIhCBCEQgAhE4OEiIdxdEIAIRiEAEdp1A7YtABCIQgQhEYKMIJMQ36nJUmQhEIAIRiMDuEKglEYhABCIQgQicnUBC/OxcWhqBCEQgAhGIwHYSqNYRiEAEIhCBjSeQEN/4S1QFIxCBCEQgAhHYfALVMAIRiEAEInB0Agnxo7NqywhEIAIRiEAEIrBZBKpNBCIQgQhsJYGE+FZetiodgQhEIAIRiEAETo9AZ45ABCIQgZMRSIifjF97RyACEYhABCIQgQish0BniUAEIrAzBBLiO3Mpa0gEIhCBCEQgAhGIwPIJdMQIRCACyyeQEF8+044YgQhEIAIRiEAEIhCBkxFo7whEYKcJJMR3+vLWuAhEIAIRiEAEIhCBCBydQFtGIALrIZAQXw/nzhKBCEQgAhGIQAQiEIEInJ1ASyOwdwQS4nt3yWtwBCIQgQhEIAIRiEAEInBwEIMInB6BhPjpse/MEYhABCIQgQhEIAIRiMC+Eai9ERgCCfGB0BSBCEQgAhGIQAQiEIEIRGCXCdS2zSKQEN+s61FtIhCBCEQgAhGIQAQiEIEI7AqB2nEOAgnxc4BpcQQiEIEIRCACEYhABCIQgQhsI4HNr3NCfPOvUTWMQAQiEIEIRCACEYhABCIQgU0ncIz6JcSPAatNIxCBCEQgAhGIQAQiEIEIRCACJyWwTCF+0rq0fwQiEIEIRCACEYhABCIQgQhEYOcJ7IAQ3/lrVAMjEIEIRCACEYhABCIQgQhEYIcIJMQv9mK2XwQiEIEIRCACEYhABCIQgQhE4CIIJMQvAtpp7tK5IxCBCEQgAhGIQAQiEIEIRGC7CSTEt/v6rav2nScCEYhABCIQgQhEIAIRiEAElkQgIb4kkB1mFQQ6ZgQiEIEIRCACEYhABCIQgd0jkBDfvWtai05KoP0jEIEIRCACEYhABCIQgQiskEBCfIVwO3QEjkOgbSMQgQhEIAIRiEAEIhCB/SCQEN+P61wrI3AuAi2PQAQiEIEIRCACEYhABNZMICG+ZuCdLgIRQKAUgQhEIAIRiEAEIhCB/SWQEN/fa1/LI7B/BGpxBCIQgQhEIAIRiEAENoBAQnwDLkJViEAEdptArYtABCIQgQhEIAIRiMBhAgnxwzQqRyACEdgdArUkAhGIQAQiEIEIRGBDCSTEN/TCVK0IRCAC20mgWkcgAhGIQAQiEIEIXIhAQvxChFofgQhEIAKbT6AaRiACEYhABCIQgS0ikBDfootVVSMQgQhEYLMIVJsIRCACEYhABCJwMQQS4hdDrX0iEIEIRCACp0egM0cgAhGIQAQisOUEEuJbfgGrfgQiEIEIRGA9BDpLBCIQgQhEIALLIpAQXxbJjhOBCEQgAhGIwPIJdMQIRCACEYjADhJIiO/gRa1JEYhABCIQgQicjEB7RyACEYhABFZJICG+SrodOwIRiEAEIhCBCBydQFtGIAIRiMCeEEiI78mFrpkRiEAEIhCBCETg7ARaGoEIRCAC6yaQEF838c4XgQhEIAIRiEAEInBwEIMIRCACe0wgIb7HF7+mRyACEYhABCIQgX0jUHsjEIEIbAKB/w8AAP//DoW4RwAAAAZJREFUAwDTaTINVkSlegAAAABJRU5ErkJggg==', '-', 1, '2025-09-09 07:36:23', '2025-09-09 07:36:23'),
(3, 'Dika Cakrabirawa', 'PK OFFICIAL', 'Memeriksa Keamanan', '2025-09-09', '21:47:00', '8098908', 'yohanesdewantara1@gmail.com', 3, 'guests/photos/1ZIdrzzxZLEXKERhrhiu9PkN7uh7H1NtowV9mks4.jpg', NULL, '-', 1, '2025-09-09 07:49:06', '2025-09-09 07:49:06');
INSERT INTO `guests` (`id`, `name`, `institution`, `purpose`, `visit_date`, `visit_time`, `phone`, `email`, `guest_category_id`, `photo`, `signature`, `notes`, `created_by`, `created_at`, `updated_at`) VALUES
(4, 'Dika Cakrabirawa', 'PK OFFICIAL', 'Keamanan', '2025-09-09', '22:50:00', '8098908', 'yohanesdewantara1@gmail.com', 3, 'guests/photos/cziiKCNUEAIGcIDKTbFAuF37R8W6okoyCMyVxBoN.jpg', 'data:image/png;base64,iVBORw0KGgoAAAANSUhEUgAAA+IAAAEsCAYAAABHZwmmAAAQAElEQVR4AeydCbx91fj/r/8vYxmTeSaZqZQ5s1Bm0WRIkiGJJCWFDEkJUZRZEpkzSyEyS5QhZJ4SSoVE/p/37Xtu556797nn3LvPOXt4f1/Pc9faa+299lrvfe79nmevZz3r/835TwISkIAEJCABCUhAAhKQgAQkIIGpEZiRIT618XkjCUhAAhKQgAQkIAEJSEACEpBArQh0yxCvFXo7IwEJSEACEpCABCQgAQlIQAJdJKAhPoWn7i0kIAEJSEACEpCABCQgAQlIQAI9AhriPRLtSx2RBCQgAQlIQAISkIAEJCABCdSQgIZ4DR9Ks7tk7yUgAQlIQAISkIAEJCABCUhgGAEN8WF0rGsOAXsqAQlIQAISkIAEJCABCUigIQQ0xBvyoOxmPQnYKwlIQAISkIAEJCABCUhAAuMS0BAfl5jnS2D2BOyBBCQgAQlIQAISkIAEJNBgAhriDX54dl0C0yXg3SQgAQlIQAISkIAEJCCBKghoiFdB0TYkIIHJEbBlCUhAAhKQgAQkIAEJtIyAhnjLHqjDkYAEqiFgKxKQgAQkIAEJSEACEpgUAQ3xSZG1XQlIQALjE/AKCUhAAhKQgAQkIIEOENAQ78BDdogSkIAEhhOwVgISkIAEJCABCUhgmgQ0xKdJ23tJQAISkMClBMxJQAISkIAEJCCBjhLQEO/og3fYEpCABLpKwHFLQAISkIAEJCCBWRPQEJ/1E/D+EpCABCTQBQKOUQISkIAEJCABCSwQ0BBfQGFGAhKQgAQk0DYCjkcCEpCABCQggToS0BCv41OxTxKQgAQkIIEmE7DvEpCABCQgAQkMJaAhPhSPlRKQgAQkIAEJNIWA/ZSABCQgAQk0hYCGeFOelP2UgAQkIAEJSKCOBOyTBCQgAQlIYGwCGuJjI/MCCUhAAhKQgAQkMGsC3l8CEpCABJpMQEO8yU/PvktAAhKQgAQkIIFpEvBeEpCABCRQCQEN8Uow2ogEJCABCUhAAhKQwKQI2K4EJCCBthHQEG/bE3U8EpCABCQgAQlIQAJVELANCUhAAhMjoCE+MbQ2LAEJSEACEpCABCQggXEJeL4EJNAFAhriXXjKjlECEpCABCQgAQlIQALDCFgnAQlMlYCG+FRxezMJSEACEpCABCQgAQlIoEfAVAJdJaAh3tUn77glIAEJSEACEpCABCTQTQKOWgIzJ6AhPvNHYAckIAEJSEACEpCABCQggfYTcIQSuJSAhvilLMxJQAISkIAEJCABCUhAAhJoFwFHU0sCGuK1fCx2SgISkIAEJCABCUhAAhKQQHMJ2PPhBDTEh/OxVgISkIAEJCABCUhAAhKQgASaQaAxvdQQb8yjsqMSkIAEJCABCUhAAhKQgAQkUD8C4/dIQ3x8Zl4hAQlIQAISkIAEJCABCUhAAhJYMYFKDPEV390LJSABCUhAAhKQgAQkIAEJSEACHSPQZEO8Y4/K4UpAAhKQgAQkIAEJSEACEpBAGwhoiI/9FL1AAhKQgAQkIAEJSEACEpCABCSwcgIa4itnN90rvZsEJCABCUhAAhKQgAQkIAEJtIKAhngrHuPkBmHLEpCABCQgAQlIQAISkIAEJFAtAQ3xannaWjUEbEUCEpCABCQgAQlIQAISkEBrCWiIt/bROrDxCXiFBCQgAQlIQAISkIAEJCCByRPQEJ88Y+8ggeEErJWABCQgAQlIQAISkIAEOkVAQ7xTj9vBSuBSAuYkIAEJSEACEpCABCQggdkQ0BCfDXfvKoGuEnDcEpCABCQgAQlIQAIS6DwBDfHOfwQEIIEuEHCMEpCABCQgAQlIQAISqA8BDfH6PAt7IgEJtI2A45GABCQgAQlIQAISkEABAQ3xAigWSUACEmgyAfsuAQlIQAISkIAEJFBvAhri9X4+9k4CEpBAUwjYTwlIQAISkIAEJCCBEQloiI8IytMkIAEJSKCOBOyTBCQgAQlIQAISaB4BDfHmPTN7LAEJSEACsybg/SUgAQlIQAISkMAqCGiIrwKel0pAAhKQgASmScB7SUACEpCABCTQDgIa4u14jo5CAhKQgAQkMCkCtisBCUhAAhKQQMUENMQrBmpzEpCABCQgAQlUQcA2JCABCUhAAu0loCHe3mfryCQgAQlIQAISGJeA50tAAhKQgASmQEBDfAqQvYUEJCABCUhAAhIYRsA6CUhAAhLoFgEN8W49b0crAQlIQAISkIAEegRMJSABCUhgRgQ0xGcE3ttKQAISkIAEJCCBbhJw1BKQgAQkoCHuZ0ACEpCABCQgAQlIoP0EHKEEJCCBGhHQEK/Rw7ArEpCABCQgAQlIQALtIuBoJCABCRQR0BAvomKZBCQgAQlIQAISkIAEmkvAnktAAjUnoCFe8wdk9yQgAQlIQAISkIAEJNAMAvZSAhIYlYCG+KikPE8CEpCABCQgAQlIQAISqB8BeySBBhLQEG/gQ7PLEpCABCQgAQlIQAISkMBsCXh3CayGgIb4auh5rQQkIAEJSEACEpCABCQggekR8E4tIaAh3pIH6TAkIAEJSEACEpCABCQgAQlMhoCtVk1AQ7xqorYnAQlIQAISkIAEJCABCUhAAqsn0OIWNMRb/HAdmgQkIAEJSEACEpCABCQgAQmMR2AaZ2uIT4Oy95CABCQgAQlIQAISkIAEJCABCawhUGCIr6kxkYAEJCABCUhAAhKQgAQkIAEJSKByAvUxxCsfmg1KQAISkIAEJCABCUhAAhKQgATqR6Dzhnj9Hok9koAEJCABCUhAAhKQgAQkIIE2E9AQn83T9a4SkIAEJCABCUhAAhKQgAQk0FECGuKdevAOVgISkIAEJCABCUhAAhKQgARmTUBDfNZPoAv3d4wSkIAEJCABCUhAAhKQgAQksEBAQ3wBhZm2EXA8EpCABCQgAQlIQAISkIAE6khAQ7yOT8U+NZmAfZeABCQgAQlIQAISkIAEJDCUgIb4UDxWSqApBOynBCQgAQlIQAISkIAEJNAUAhriTXlS9lMCdSRgnyQgAQlIQAISkIAEJCCBsQloiI+NzAskIIFZE/D+EpCABCQgAQlIQAISaDIBDfEmPz37LgEJTJOA95KABCQgAQlIQAISkEAlBDTEK8FoIxKQgAQmRcB2JSABCUhAAhKQgATaRkBDvG1P1PFIQAISqIKAbUhAAhKQgAQkIAEJTIyAhvjE0NqwBCQgAQmMS8DzJSABCUhAAhKQQBcIaIh34Sk7RglIQAISGEbAOglIQAISkIAEJDBVAhriU8XtzSQgAQlIQAI9AqYSkIAEJCABCXSVgIZ4V5+845aABCQggW4ScNQSkIAEJCABCcycgIb4zB+BHZCABCQgAQm0n4AjlIAEJCABCUjgUgIa4peyMCcBCUhAAhKQQLsIOBoJSEACEpBALQloiNfysdgpCUhAAhKQgASaS8CeS0ACEpCABIYT0BAfzsdaCUhAAhKQgAQk0AwC9lICEpCABBpDQEO8MY/KjkpAAhKQgAQkIIH6EbBHEpCABCQwPgEN8fGZeYUEJCABCUhAAhKQwGwJeHcJSEACjSagId7ox2fnJSABCUhAAhKQgASmR8A7SUACEqiGgIZ4NRxtRQISkIAEJCABCUhAApMhYKsSkEDrCGiIt+6ROiAJSEACEpCABCQgAQmsnoAtSEACkyOgIT45trYsAQlIQAISkIAEJCABCYxHwLMl0AkCGuKdeMwOUgISkIAEJCABCUhAAhIoJ2CNBKZLQEN8ury9mwQkIAEJSEACEpCABCQggUsI+LOzBDTEO/voHbgEJCABCUhAAhKQgAQk0EUCjnn2BDTEZ/8M7IEEJCABCUhAAhKQgAQkIIG2E3B8fQQ0xPtgmJWABCQgAQlIQAISkIAEJCCBNhGo51g0xOv5XOyVBCQgAQlIQAISkIAEJCABCTSVwDL91hBfBpDVEpCABCQgAQlIQAISkIAEJCCBKglMyhCvso+2JQEJSEACEpCABCQgAQlIQAISaA2BlhnirXkuDkQCEpCABCQgAQlIQAISkIAEWkpAQ7yKB2sbEpCABCQgAQlIQAISkIAEJCCBEQloiI8Iqo6n2ScJSEACEpCABCQgAQlIQAISaB4BDfHmPbNZ99j7S0ACEpCABCQgAQlIQAISkMAqCGiIrwKel06TgPeSgAQkIAEJSEACEpCABCTQDgIa4u14jo5iUgRsVwISkIAEJCABCUhAAhKQQMUENMQrBmpzEqiCgG1IQAISkIAEJCABCUhAAu0loCHe3mfryCQwLgHPl4AEJCABCUhAAhKQgASmQEBDfAqQvYUEJDCMgHUSkIAEJCABCUhAAhLoFgEN8W49b0crAQn0CJhKQAISkIAEJCABCUhgRgQ0xGcE3ttKQALdJOCoJSABCUhAAhKQgAQkoCHuZ0ACEpBA+wk4QglIQAISkIAEJCCBGhHQEK/Rw7ArEpCABNpFwNFIQAISkIAEJCABCRQR0BAvomKZBCQgAQlMgsCV0+i1ozeKrh29efQW0RtHKbteUvLrJ7119CrRW0W3jT48+vjo1tEto0+NPiL6jChlz0r6hOguc3Nzz16TPj/pbtF9ontHHxt9cpT6HZPS7k5JuXaXpE+Pckzd05LnmPKe7pwy6rZLukOUe1P34uT3iNLuxknXid4yylgZA+PJ4VwvJa9KQAISkIAEJNBhAhriHX74Dl0CEpDAGAQ2yrn3jt4tunv0hdE9oxikPYN23xwfHn1zlPSMpF+Ofjt6WvRP0T9GfxU9P/qz6E+jv4xS9ruk5Lnuh8mfG/1R9L3Rj0WPib4velz0yOhHo4dFKXtj0ndHD42+IUr6mqSHRPePviJ6bPQdUerfmpR2j0jKtZxPnzmm7i0p55jynjIu6o5K3duj3Ju6lyV/YJR2Get5yf8kylgZA+P5X45Jf52UMsZ3TvLfi3J8cFLG+MqkjI9+k9K3j6fsbdEPRClj3IzlEznmur2Svij6gigpStnDcnyX6J2ivBhIokhAAhKQgAQkUAcCGuJ1eAr2QQISkMBsCdwmt2e2mVldDOxP5hhjEuOxp99J2RejJ0cPir4qekAUg7Rn0L40x8wiM3NMygzwvVLGLPFtk14x2nW5YQAwS86M/1WTv2OUY15mMOuPAc2MPzP5pMzWY1A/JedtFaUMTwBm97eYm5t7Xsow3l+e9NVRUpQyDPivp+yUKC8GeJZ/Tf73UV6E8Cwx5t+UYwx8ZvRpj5cueCpcJuUa8IGgSEACEpCABKomoCFeNVHbk4AEJFBvAndO93CvxgDDQMM4Oz1lzDYfmBQD+6FJca9OUolg/PUaOjsZZr0xEL+UfE/pQw4bKcx0M8PNDDhj46UFs/s/zmhg/Iekp0YviDJjzux/b9ykPIvXpw5jmJlw6vEkYPac+t+k7ufRKuTqaeS6UZYG4N2AMf/MHGPg8+yZYf9mjvFUYKYeA557Mx7Gwaz9J+bm5j6fcz4S5cUNXhEPSP5a0etHFQlIQAISyvZ7UQAAEABJREFUkIAEliGgIb4MIKslIAEJNJDAeukz7sgY1M9NHrfmvyfFUPxWUtyrMcA4J4el8tvUMHv6uaS4fePWjXs2Ltms0X5OypkFR1mD/ZAc33dAmQFeN2XMrqL07aY5xgi8T9Ke3i556lFm2XNYKCekFKOR+3M/Zt8ZC2u6H5m6J0WZPWZ2mf49as0xM8z0k/rBPo5yfPe0w/p1+jeoG6SOGX8MXMbGy44bpIxZb2aXWfsOa15ubJLym0R74yZlxhvvAvrMjDT1LAPgftSzfr43Qz14b445HwMYQ7h/LLxwQRk3+pncF8Me5dmyNCBFC/LPNbn/W5Oypp/szfKDMVwnKX2EN4Y3vDHeeV4Y5iw94OUBL15wn2dmnhl9+o7XRS5fpXi5BCQgAQlIoCUENMRb8iAdhgQk0FkCGGkYuxikuCJjCJ0VGszE4mL+2uQfF8WoInhYsgvCbCfnY5ixnhqjCQPwGjmDc2kXA2/zHGPAYuASoIzzMO5ZE/2S1KEYZBh6uK/3KwZfThlLcNcuuwBjlnFxf+7Hmu5P5WTWjDNb23thwOwy/cMg5AUCM870k/r+/o2a/1ruAasktRNm0Hlh8uf0rH88GMgo40Z5cYFhj/JsWTqAYswTOI961pdjtLPcgLXvcORzkqZHEr5XMOuO+zxtscad2XU8HvAQYJ07QfSYheclxUiNzvok7y8BCUhAAhKomgD/YVbdpu1JQAISkED1BDCMCbyFEYwxiTsz7sIYYRiIzFQzs4qBNXh3XKVxK8YwJaAa67aJRo72Zl0J9MVMNy7Rf0sDGPNJZiJrDbnrsLohl1lVQqA3K35m6nGbZ205Rvv2Od4vygw4nxOMdZTZ7d6sO27pGO1H5zxe5vBZTLZU8BxgnTsvfViXzueyN3vOi5TH5ErukUSZm5sTggQkIAEJtJiAhniLH65Dk4AEGkuA4F24/2IQMduLSznKumpmGNmmi3rchQcHyTrk96fwnVFmsnGTZgaUc3HVJoL4V1I3zixnTp+qDOsb67Gn2hlvtogA68V7s+4Eh+MzynZufMZwkScAHV4Vu+YqjGuCwiVbKr3Zc5YafDBnXRxl+QEGOy7xOVSmS8C7SUACEpDANAhoiE+DsveQgAQkMJzAXVNNxGpmFn+RPEGymPFmRhJ3YWbDU7xEiGyOUc02W7gBM2OO6/bWOZMAWqztZtYxh42SYX1mtr5Rg+lYZ4lFgFcF27qxbp8lEXgxsIaeYIBfCA9c1ZOUCjPuuLBj9ONuz8w7SyRKL7CiBQQcggQkIIGOEdAQ79gDd7gSkEBtCOyTnrB9FFHLWX+M2/g2KWNWMUmhsO4bY53ZcAKgMXOOmznrbXEpJtp14YUNK/zLkP76/9YQODWt+m/6RVT5PZMS5I0t0Vgfjts76/rZSz1VhXLNlBJ/AC+JE5PnpRPr2ZNVJLB6ArYgAQlIYFYE/EIzK/LeVwIS6BIBZrSJhk2QMVzMMb5xESdyeBkHAluxFhx38nvkJNbOYrzgBoy7OmtrU9xKuWjIqHBdHlJtVUMI8FKJQHBEXt8wfca4Jk7B+5I/JzoobLeG+/vTU8G69g8nxYukKCZCqhQJ1JqAnZOABCQwpyHuh0ACEpDAZAg8Ns0SYZwgVhjfB+eY7cQwypNdIsyKE6X6walhpputr4hUzkw5M+cp7oxcOGSky7k1D7nUqhoTIFgcQdy2TR/x9iC+AWvQCTKYoiXCtnT8bvDCirXlvKBiCzy/1yxBZYEEegRMJSCBOhHwP6w6PQ37IgEJNJkAwdBwEf9QBsGM97FJiUK+WdIiwR2XraWoZ7b77jmJNeGfTcra7ySdlTsMGTmzqEOqrWoBAbweiG/A2nBmvB+YMWF080Ir2UVypRwRbf2opD+IEu2f9eVs58cseooUCUhgpgS8uQQkUEhAQ7wQi4USkIAERiLAWlfWaLNuG8OaLZkeXXLl71OOcf6IpKx7xR13x+RPiiqLCRCsa3HJJUcEAsMt+ZIjf3aBAOvLj89AWaJx3aREZN87aZFRnuI5ZtOJuM52fmengN/JPZKWeaKkSpGABNpIwDFJoO4ENMTr/oTsnwQkUDcCBJg6Jp3CgCaAFBGiCbK2XsoG5aspYN0rEZ/Rx+X449FhwchS3WnBLb9s7fzpnSbj4CHA7xvB2/h9un0KcGcnEntRXIErpB4vFaK148J+RI4fFmWLtSSKBCQggcoJ2KAERiagIT4yKk+UgAQ6SuA6GTcBot6aFLdXXM8fn/w9o4PyzxRwHmvD2baJczAUmA1PlTICAba5KjuNYHdldZZ3iwDu66dlyLzoIhI7a8pfkmNiCLA0JNlFcrUc7RTlRRhbou2V/A2iigQkIIEWEHAITSSgId7Ep2afJSCBSRPYIDcgUBSzaL9Jni2TcCNn1nutHPfLd3LAVmTrJ2W9Kl/2cYs9P8fK+AQwqIqu+k8KiaidRJHAEgJsbfbSlLJchJlyDHQCIKZoiVw2JWz3x+82v+N4tKRIkYAEJCCBsQh48qoIaIivCp8XS0ACLSKwTsaC6/g3k/LlnC/yGOSDhjdf7lnrTQR0gqzdOee/Iura5UCoQG5c0gZbWhFZu6TaYgksEGAJA54oBEAk2BuB2364ULs4w+/4u1LE7zwz6tdIXpGABCQggRoTaEvXNMTb8iQdhwQksFICfFHfPxf/KPr+6CbRQflXCt4S3SjKl3sM9k8nr1RPgBccRa0SdKuo3DIJDCPw21SyNpwlDwR6+3COB4UZcgxydi3Abf31OWFY5P5UKxKQgAQk0DEClQ9XQ7xypDYoAQk0hMAt0k+MawxwXMsH14uem3qMv/snxeWcdeKnJK9MjsBN0vS1okXytqJCyyQwBgECvbHVGbEbDs51RctH+F60a+pOjRKQcYekboMWCIoEJCABCVRLgP9wlm/RMyQgAQm0h8CdMhTWGmOAPy35/i/ZBHlipvtRKWcbpF2SnhClPIkyYQJ4GxTdgijzrOctqrNMAuMSYDeD5+eiG0Uxutn9INklgsH+9pRikN8lqSIBCUhAAhKojECtDfHKRmlDEpBA1wlcPgDYtujzSZnV3jpp/9pvop0TYA33VFyjP5r6/0aV6RJ4UsntTi4pt1gCqyHwt1x8aPRW0S2jzIInWSIbpuTrUZauuIY8IBQJSEACElg9AQ3xpQwtkYAE2kOALYtwKf9chsS2RWxzlOyC4H5OUCfc1NlyjK2PFirNTJ3ApiV35PmVVFksgUoIsDUe3jIY5N8uaZHYEAR1e2rqCdSYRJGABCQgAQmsjICG+Mq4TeAqm5SABCokwAwX67/PSptsPbZZ0n75fQ5eGL1ZlOjoHCerzJDAFrk3L06SLJGiAFtLTrJAAhUQwCAnYCN/M9iacLBJtjA8MoVfipZttZcqRQISkIAEJDCcgIb4cD7tr3WEEmgPAYxvthHD+O6t/yYacv8IWeu5TQpuGn119K9RpR4EdizpBlGvfVFSAsfiiRHgbwVbE+JRwyz44I3ulYKjontErxpVJCABCUhAAmMR0BAfC5cnV0XAdiRQEQHWdD8zbbG2E+N77+SZsUqyIKz1Zlb8gSlhluuYpP+OKvUhcIV05ZHRIiG6dVG5ZRKYBgE8a7bKjY6ODso1U3BglF0XCPyWrCIBCUhAAhIYjYCG+GicPKsdBBxFOwisn2G8M8rMNzNVbDF2hxz3y4U5+EiUNZ3XTYqxfnxSpZ4EHpJula25JWp9qhUJzIzAabnzE6P3i/4nOihEYP95ClnmUrb9XqoVCUhAAhKQwKUENMQvZWFOAhMiYLOrJHDtXM+M09eSnh09I0p07cGZ7xTPfT8/WPvNTPmjkz82+ueoUm8CZUHazky3eaZJFAnMlACeNSemB8SV+FDSQWEXBpa7sN0ZwR8H6z2WgAQkIAEJLCKgIb4IhwcSaBGB5g4Fo4wZ7MMyBIIl/THp/tG7RteNDgqRzzG+b5uKO0b5MvyrpEpzCPCypai3ejEUUbFslgR+k5sTNX3PpEWxCwg6yDKZ3VKvSEACEpCABEoJaIiXorFCAhJYCYEVXLN2rnlM9KDoN6PfiOJuznZiGyVfJH9LIV+Eb5iUSNsY3z9MXmkmgRuUdJvPQkmVxRKYGYFzcmfWhu+a9FvRQWF2/JAU7hdVJCABCUhAAoUENMQLsVgoAQlMmMB90j6zSqzxPj/5D0Z3j7JtUJJC+UpKj4gSdO0aSfkiTETtZOfUZhP4X0n3b1dSbrEE6kAAF/V7pyP8LUqyRF6SkmdFFQlIQAISkMASAhriS5BYIAEJTIgAs97vSdsYXay1ZC9e1nKnqFBYH3xoanaOMuvNdkHka+SunJ4pVRAoWnJAu7fkhyqBGhP4Z/qGd86Tk+Kpk2SRvDFHePckUSQgAQlIQAKXEtAQv5SFOQlIoHoC26bJT0Z7s97bJ18mfIn9VCpfFL1v9OZRXD+ZBWcdeA6VeQLt+/G7kiERnK+kymIJ1IrAu9IbvHWKPrP7pg5DPYkiAQlIQAISuISAhvglHPwpAQlUR+A2aeqAKNHK35v0oVHWgSdZIien5HnRm0RxNyfQ0SuT/2JUqRmBCXaH4FZFzbv0oIiKZXUlQHDJO6dzx0X/Ee3JdZJ5TfRBUUUCEpCABCQwT0BDfB6DPyQggVUSYLueXdLGL6KnR3HVvGbSIjkmhTtE2Tf6HkkJamSU84DosJRFTae8w1gcegMJ8LeMeBe8TMRtvTcE/h5+LAdXjCoSkIAEJCCBOQ1xPwQSkMBKCFwhF20TfWf0rOhPo6znZmY72UVyXo6IiL5dUozv3nU5VCQwT+DW8z+X/sC7YmnpVEq8iQRWTIC/hxjjFw20wN/NX6es7POeKkUCEpCABLpCQEO8K0/acUpg9QQumybuGT02ykzP0UmfFF0vOihnpIC13gRju0rye0Q5P4kigSUELrek5JKCsvJLatv40zG1hQA7Qlw/g/lPtF+YGT84BWVb9qVKkYAEJCCBLhDQEO/CU3aMElgdga1y+Rei7NN9UtLHRovkghS+Lnr7KAY4a70xyHOoSGAogZ+V1DKzWFJlcZUEbGsiBAhSuWVa/ma0Xx6Sg+dG8RBKokhAAhKQQBcJaIh38ak7ZgksT+DuOeUTUbYa+0DS+0VZB55kiZySkmdG14ny5fK0pIoExiGwYcnJG5WUW9wOAl0YxWczyCJvIIJUPjx1igQkIAEJdJSAhnhHH7zDlkABAdyAH5nyr0S/GiWCeZIlgnH+pZS+LMrM98ZJD48qElgpgWuVXGiwthIwFq+GwNSvfX3uiLdQkkXyhhytG1UkIAEJSKCDBDTEO/jQHbIEBgjcNMes4Sba+UeSJ5J5kkVycY5OjbIX7vWS3ie6XxTXcwzzZBUJrJgA8QeKLibCtP9PFZGxrGkEDpmbm+NvaH+/b5SDnaOKBCQgAQl0kIBfcDr40B2yBNYQYBZyr+R/Ej0wWuR6/q2U7xu9WfRO0XdF/xhVJOVrhCMAABAASURBVFAlgbK1spfPTZ4QVSTQdAJES39aBvGXaL/wQvPK/QVV521PAhKQgATqSUBDvJ7PxV5JYNIECMCGUU1AtcHZSGa/j0kH7hzdNLp/lL1xkygSmAiBM4e0yudvSLVVEmgMAYK2sfSnv8MsCWKHif6yNuQdgwQkIAEJLENAQ3wZQFZLoGUEHpfx/DxKALYHJ+0XXMwxethWZ5tUfCeqSGAaBN485CY3TN0mUUUCbSDw4gxicFZ8x5QVbQOZYmU8Ap4tAQlIoDkENMSb86zsqQRWQwC380PTwDuiuJknWZC/J3dI9BpR3ND/kFSRwDQJ4J1x4ZAbsnRiSLVVEmgMgR+kpwdF2dosybywt/gL53P+aCYBey0BCUhgBQQ0xFcAzUsk0CACzG6/Jv39QnSX6JWiPfl3MsyMMxPDVjrn5FiRwCwI8DKIZRJl9yY44LPLKi2XQMMIsJ0ZHkj93d4pB3eMKhIYmYAnSkACzSagId7s52fvJVBGgHXfz0nl96PPjxKdN8m8MOP93uRY//34pBjkSRQJzJQAhviwteJs9YRHx0w76c0lUAEBArexpVl/UwRsM4J6PxHzdSVgvyQggYoIaIhXBNJmJFAjAk9MX06Osm/t1ZP2BFdIZsBZ/719Cge30kmRIoGZEfhP7vyU6DBh+zw8O4adY50EmkCApUJnD3T0UTl2VjwQFAksJWCJBNpHQEO8fc/UEXWXwFoZOmtt+YJHxPMcLsjPkiMgEDPgX0pekUAdCRBR+qxlOsbn+xXLnGO1BOpM4IrpHFuZDS4Huk7Knx5VJCCBuhCwHxKYIAEN8QnCtWkJTInAZXIfZlKIxMts+FVy3BNmwY/MwfpRZsOTKBKoLYH/pmd8hpMMlb1T+9ioIoEmEbhnOssOAecmZYcKgmgmu0jw+rjlohIPJCCBzhFwwN0goCHejefsKNtLYN0M7W3RD0f7DfAczn07P7aMMvOSRJFAIwh8Nr3EcyPJUCHOwU2GnmGlBGZLgHXfT0oXjorykumkpKwDJ4ZHsoVyhZQ+N6pIQAISmDYB7zdlAhriUwbu7SRQIYH7pS2Mlh2S9stFOdg9eo+obuiBoDSOAN4bzHoP6/jlUvmNKMZOEkUCMyNwl9yZoJi7JuUFETPebMfHbgDvTNl20XG+b2G8Xy3XKBKQgAQ6QKC7QxznP4buUnLkEqgXAWZTnpUusSXZxkn7hYjofIl7bQqNhh4ISmMJvCo9H3zJlKJFcq0cvTR63agigUkRuGkafniUnSh4QfTB5Im7gaHNNmRfzzHbRBIJfdvk8U7iRVGyKxLWkD9jRVd6kQQkIAEJjEagBmdpiNfgIdgFCYxJYKec/8booJyQAoK0vS+pIoE2EGA2cTljHDdeZtCv2YYBO4aZE2B9NsEAP52efCj61Sjb6n0sKTtRUPeY5G8enaQ3hkHbAliRgAQk0DYC/ePREO+nYV4C9Sbwf+keRvabkg7KQSm4f/T3UUUCbSKAMc7sIDOPZeMiCNaJqWSGPIkigZEIsFXYnjmTGe7PJf1b9CdRZr0fnPTR0btHZyE3yk03jyoSkIAEJNBSAlM0xFtK0GFJYDoE1sltfhXdOtovF+Rgl+geUUUCbSVApOmNMjjW3iYplNul9OToalyCc7nSMgLXy3iY5WYWe6/kWcP93aS82Ple0gOi1D0w6STXZROsjZgdB+Y+N4u+IMqyCna1+EzyH4kOyuDf+8F6jyUgAQlIoMEE2m+IN/jh2HUJrCGAgfGb5K8f7RfWJ7KFU9EMef955iXQBgIYTbfJQL4fLRPchQngdoOyEyxvLIHbp+e3jWJUk2c3iN1yjOLGfXDy7B5xWFLcyH+dlJeXv0vKLDez3q9MnjXcGyadpJydxlkqRJ8ekPy9orwguk9SZuB/kZQ15S9JyjgekpSXAacn7RcM8bX7C8xLQAISkEB7CGiIT+hZ2qwEKiLw5LTD7M3gTM1XUk4AIWZSklUk0AkCLL14XEZKoKwkhXKnlL47SsCrJErNCLCWn+B6bD3HUoKt0j+CTxJgEmOZ5Tesz/5Lyn8UxZBm9poXMKflGKOa/FuSP2SNHp70edFHRVnGQGC1GyaPe3eSSgXjnpltjH36QMyO++YOPeVzt16OWSpEJHWCavL3+uKUDRPG+NacwK4XSeaFrcyYOZ8/8IcEJCABCbSLgIZ4u56no2kXAdwWcWMkSnpvZHxJ+1QOmNX5a1JFAl0jgCGGGzFGednYMYoIqlVWb/n4BK6aSzCecfXGmGapwCNTtmOUbbtYV40RfXSO3xPlZQkzwxjUzE5jaP4r5WdFeXbMCv8peQLtEXySoHvMCjMLzPrsa6TuVlHul2TqwksAZtj3yZ23iN4hyncmGDCzzdiZicd4/mLqesoYc7giIR4CsUD6L+be/cfmJSABCUigJQT4T6UlQ3EYsyPgnSsmsEnaY6Z736TMrCSZF9bHvjy5R0RxVU+iSKCTBH6ZUW8axZhLUigYdrj9FlZ2uPAyGTuu3QQq428NM7pPSBkps8rMTGOAMjvN+mUMUrZF5MUfvJmh/nPO/06Udc0YomzbxYsPjOhtUr59lGUC6ybFoGZ2Otm5y+cH908ydSEQ229z1zOieBkxq42+K8e89HxhUl4A3DspLx1YBsGLAcbFy88fpJyXCUkmJuekZSKzJ1kQPDxwXV8oMCMBCUhAAu0goCHejufYzVG0c9TMuhBQaDBaLrNLO2fIL4v+J6pIoOsEMAhZf4uRWMYC12GWd5TVN72c2WJmp/m7gZGLgU2eAI4vyuAwqN+f9LPRn0d/HMVFGtdu1tx/M8dHRHHlJ2VNMy8wcPHGCH1q6piVvk7Sun5fwEuILcYwqo9LP/kbiWGNEvUc7wj633shsEHO2TjKrDbK54O12q9OGZy+nJT4G0lmIrwAYUy9mzNDTv/wQOiVmUpAAhKQQAsI1PU/1hagdQhtJTChcV077TITdWpSvgQnWRC+LDNbxRfqhUIzEpDA3JlhQMDCYR4i78g5GKdJai308a7pITOzuHljGH4oxxhmn0jKiwfGiVs3Lt8Xriljdpq/G7hEY2CTPzR1eM/wt4Q19Q/KMZG6MUKTnYmckrt+PEpwSV6QYCj3FKOfsePtQ6A9PIHgQWwMXjasn+tQjGoMambVe0oQNLavw6hmbfh+ORfDFWXGHpdxXOBT3Aj5WnrJC4UkC4L3xzE5wsMgiSIBCUhAAm0goCHehqfoGJpMYK10nn1qMSiYicrhImHWii+ofJlcVOGBBCQwT4Aty3DdxYV6vqDgx4kp67lHJzsRuXNaZa0zka/xYCFAF67dD0s5xmKSOSJg4wZO7AeM7E+mEKOabQgxoDHCXpUy3KEJ0sWMLkYq64QxSDFSCXSGQdZrM6dPXJhJJzgZa5hxRceY7hnRpPT1fukFhjKKId0zlHspM7oY2szWs7YaQ7mnzNwT7R5DnRcOMMEVnOU4eDzAE+XvIC7muVWrhZdHg55PvIgg6nurB+7gJCABCXSJgIZ4l562Y60bAWZ2mBnCrfJKBZ0jGBDb7Ex6XWLBrXtFphJoBAGMX7aI4sVVUYf5XWM7qbsUVa6w7G65DqMSTxbWHH8rx0T/Zm0x66PvkWNcuzEuma3+Z47Pi+IGvkdSjOyHJsWoLvr9T9XEhH7gyo1he1DugjGNMhOPuz8ByVC4YUjfOufw92iHpHjnMO6eEU3KVly87KA9FEM6pyorJIAHxD8KruVlR0GxRRKQgAQk0EQCGuJNfGr2uQ0EWJfIDN5TCgbz05QRSIkZqGQ7KA5ZAuMTIDo3RiRbWuG2PdjCLVJABGy2zEp2RcISEmaEMfyZiccFHE8WXpgNaxBjlq2oSIedN07dv3Mys+7MTuOCfUCOmVnGoN4zeYxn/o6wnRZu3ty7p1dJPa7czF7zUgBjGmU2nu222KIL7cLsc1DUUorWqfudrZaPyk5JQAISWBkB/6ivjJtXSWClBK6cC3FJxfWwyCD4euqZbWKtZ7LKNAl4r8YTwBgn8jfrxpmBHhzQlilgjTXGJp4oBOfCmN4/5aypRp+RPEYpgcswTFFmvQnixcsztuti1junVSL0kzgQvHjj/run1e2iW0UxlHvK346eIU1KcDa8APh7wew6QR5xY6fvuL7jTs7fEWbjcfNOc0qDCBR5QvHypUFDsKsSkIAEJDCMgIb4MDrWSaA6AvyusT4Sd1C+NA+2zLY1700hX7o/l1TpDgFHWj0BXHvZQovYC4OtE4UaF19iMxDEDEOWmXKijKOH5QICfmHQEzgNZdYbo/fqqatCMJKfmYaYJcctHZd5XL9fnDKM/qOTEqQNN++enp8ypTsEiB8yOFo+u4NlHktAAhKQQEMJYBw0tOt2WwKNIsAX+4+mx0UurAQhYo0lhgOzVzlNkcCkCbS+fdy0MbgJMFaXweIyj2GP2/jh6RTHSRQJLCFQ9NJnMIDbkosskIAEJCCB5hDQEG/Os7KnzSTAtjNsRbNvSfcJaoTrq9FwSwBZ3DIC0x0O65yJw0BE7mnd+eLciPXjBGJkvfYbcrxZFHdyZsDZliyHigRKCRBdn8/K4AlN2oZtsO8eS0ACEpDAAAEN8QEgHkqgQgLsbUswJdalFjWLeyqusW8vqrRMAhKohABrbe+alpiBTjJROS2tE02diOm9Lbqek7KToooERiWAx0TRuX8sKrRMAhKQgASaSUBDvJnPzV7XmwBBlJgF48v3ZUu6+vqUs+/wKUkVCUhg8gR2zS3YozpJJULgrG+nJVzN2RscV+Lb55jAa0nmxR8SWAkBot0XXcfnrajcMglIQAISaCABDfEGPjS7XGsC7L37mfTw2dEyOTIVBH+6IKkiAQlMhwDra1kqQjDEP+eWzJQnWSIERzt3SencHNtJ4eFyfOpeF908ukkUV/OjkhJwMUkdxD40nADB+4qGQLT/onLLJCABCUiggQQ0xBv40OxybQkwG8YWROzPW9ZJIjQ/LZVlRkCqFAlIYEIE2LoMA/qWaZ/126znTnaREB39qotKLjk4Kwl1D0zKizQM9mSVBQJmqiJATIHBtvjsnj5Y6LEEJCABCTSXgIZ4c5+dPa8XAYxvAkLdoaRbZ6R8/eiboooEJDBbAsxeY4izV/hgT8q2iCLY2uC5HteAQMu6wEugDQrGxIufiwrKLZKABCQggYYS0BBv6IOz27UhcPP05IToidErRovk/SlkJo1typJVJCCBmhB4QfrxkChu60mGCktOhp5gZacITGqwtypp2KCeJWAsloAEJNBUAhriTX1y9rsOBJ6cTvwket9okTB7gRv61qnErTWJIgEJ1IwABvaGy/SJAGz7LHOO1RKogsBuBY2wlInP4NzcXEGtRRKQgAQk0EgCGuKNfGx2esYEbpb7E/DpHUnL3FiJqLxx6gnMlkSRgARqTIBtx7ZP//i9TbJEjkkJ7uxJFAlMjMDd0zIvbpMsEv6vOW9RybQPvJ8EJCBSvFRFAAAQAElEQVQBCVROQEO8cqQ22HICj8342HKMgE3JFgoB226Rmh9EFQlIoBkEPpVuXi5aJNcrKrRMAhUSWCttfTxaJD8sKuxCmWOUgAQk0GYCGuJtfrqOrWoCB6TBY6NXiZbJEal4QvQ3UUUCEmgOgbIlJozg+flBQMYkigQmQuDQtLpudFDY5vLNg4UeT5SAjUtAAhKYCgEN8alg9iYNJ8Dvyeczhj2jZXJmKp4X3TmqC2EgKBJoGIF7L9PfD6a+bClKqhQJrJgAy5ieXnL1gSnHGE+itJuAo5OABLpGAAOja2N2vBIYhwC/I8fnggdEi4Roy19LBYHbDkmqSEACzSSwyUC3CZDVX8RsJevEL9tfaF4CqySwTq4/LlokP0rhK6OKBCZHwJYlIIGZEcDImNnNvbEEak7gaunfj6PDXFY/nXq2PzopqSIBCTSTAFsP3nGg6+yIMFA0h9H0jRSWbTGVKkUCYxHYJWdfN1ok26WQl71JFAm0i4CjkYAE5uY0xP0USKCYwNVTfHh0/WiZENzpUak8N6pIQALNJbBRun6laL+8KQefjA7OjLPV2UdTvllUkcBqCGyai/eNFgk7cxAYtKjOMglIYGUEvEoCtSKgIV6rx2FnakTgjelL0TYyKZ7ji/lrk9ky+t+oIgEJNJsAARYHR/CJFPA34Kykg7JBCr4UfWJUkcBKCOBJxbImvDEGr/9XCoo+kylWJCCB5hGwxxIoJqAhXszF0m4T2CfD3yZaJBjhB6Vi9yj5JIoEJNBgAqz93mKg/6fm+JfR86M3iP42WiTvSuF7omtHFQmMSuBhOZEXPWXfwV6R+qIXQClWJCABCYxIwNNqT6DsP4Had9wOSmBCBO6SdvePXiZaJEel8AVRRQISaAeBXTMMjO0kC4Jbeu+ANbo75eCr0X9HB2X7FOBCzI4JRlUPDGUoAT5Lb8sZZd+/mCVnK7OcokhAAhJoHgF7PDqBsv8IRm/BMyXQHgJrZSjvi5bJYanQFTUQFAm0hAABGTGk+4dzRg5YG55kQT6THLOYv09aJMSSeHMqvhvdPKpIYJDAzVPwhugR0fWiRfLXFL4katyRQFAkIAEJjEGgkadqiDfysdnpCRF4cNq9abRIfprCvaKKBCTQHgJPy1BuFu2Xo3NQZHD/LeX8fcAVPdlCuUNKMdpPTGpk9UBQ5vC2IOYI/4c8ewiPi1O3W5QgbUkUCUhAAhKoP4HV9VBDfHX8vLo9BC6boRwSLRPcCf9eVmm5BCTQOALMhg8uM8EtGKNp2GDwiiGIGwG1ys67TyowxlnK8qzkWYeeROkQAbYk4/+Un2fMfAbKljuleo6gn+zAMewlD+epEpCABCTQIgIrNsRbxMChSIB1nS8KhltEiwRXVSIkF9VZJgEJNJPA89LtQQP55Sn7S3Q5eX9OIOr1u5OWyXVSsV0Uw/7spJxLkEdnygOjxXLvjO2z0R9EmeG+XNJhQnwB/u/5+LCTrJOABCQggfYRaJoh3r4n4IhmSeCeufnLokSn3S9pmby9rKIl5dfIOB4XJUDQW5PuEd0kqkigrQQ2zsAwkpIsyAHJfSo6qnwxJz4pirs6EbBxLc5hqbAdFTsu/ChnnB5lKQyeOMnOCzP0T0mO379dkhI4MolScwJ8j7pX+oh3BS9t+Vw8KMeDL3lStEQwwpktJ0L/kkoLJCABCUig3QT4D6TdI6xkdDbSQgI7ZEwnRV8cxRBNUihETP5oYU07Cu+cYfwmygwfX/53TP7A6DejBBZKokigVQQwkIiKfuW+Uf04+YOjKxGMKAK5bZmLiax+UdLl5DY54dNRorDjlsxWiKxBJ5o2v3+8FPt66lmvnkSpIYH7p0/HRHl+X0766ihB+5IsK3/IGc+IbhplOUQSRQISkIAEukZAQ7zOT9y+TZIAa/dGaZ/zfjLKiQ09B5f8K5X0ncBCGBcl1RZLoJEEmAnvn21mrTez0LiPr2ZAGNZ42TAzetoYDQ37f3ibtHNelNl2Xgr+I3mCeW2WVJk+Adb+Y3zz4uT43P7x0XEEox3vK16AEmWfZzrO9Z4rAQlIQAItIjDsC0CLhulQxiHQgXOvmTFeNbqc8IWXNaPLndfk+uVc0I/M4NjWLYkigakR4Hf0WrnbBtEqhfW7+ww0iEs6ruUDxSs+fF2uZKbz+Ul/F12trJMGCPRFLIsrJv/AKOuJR/kbllOVVRAg4Nozcz1/B/+UlAB84xrfLEN4Va6lLf6WshyqKCp/TlEkIAEJSKBLBDTEu/S06z3WSfSOLz53TcOkSRZkFNdRTn5pfrQ5Uvq1Mz6MnSSlQsApXNfvW3qGFRKolsC2ae6PUQwfXMZZJvHeHD83+vQo240R3CrZsYR1vKzf7V10QTLvjGIYJalU/pnWcHVn6yqWvjDjzphSXIlghG9eSUs2MkgADyE+Z69JBd5QLGN4avLL/a3MKYvkWznaIsqWdnsnrfL5pzlFAhKQgASaTkBDvOlP0P4XEbhhCln/zawD6+9Imcm4fsqRXjo3N8fhEsV9kC+5Jy+paU/BRhnKh6P9waJyWCgY40QBxqW38AQLJVAhgUemLWZ/k8wLXhsY56/N0eFRtoP6aVJmm/k9x0jfNce4hbP+O9klQpusv+6vYA02cRFwM+4vrzrP2m+CtF0vDfNi8AtJL4yuVjDyV9uG119K4B7J8hkjaj6fMzwa+uMIpHpZIVI6y5lunTPxiiD4H8sKcqhIQAISkIAEFhPQEF/Mw6N2EMBo5Et5/2hY2/fJNQVELWbd5ZrDhYQv5HyJumVKcEtPMiGZbbN3zO2/Hb17dFTBYIcNbDHMR73O8yQwLoGP5AJehiWZFwzZ+czADwxbfs8x0l+fOozyPyc9M8o6XmbQ75Y8bt2DgbRof6vUMSueZCrC35dv5E4PiGKkHZWUQG8rXSfMi4g0oayQANuK8Sz4fwHPp6+kHT4zV0g6jrBMYM9cwDNl9ptt8fDkSJEiAQlIQAISKCegIV7OxppmElgv3WY2IskSwQDF3ZAvxEQ5Zl3oD3MWX47fkhTXVb5E8UU+h+2TjIjga3gJYJzkcGxhWx6+sN5o7Cu9QAKjEXhfTsPIZnab6OK4ou+csq2jH4vy+SszXvlcs50Y63iZ3cSrhRlJXq7l0nn5VX7iMszfimRnIt/PXdnOjL7ykovlM+RxlU/VsoIRjgG57ImesIQALyCPSCleCZ9P+tDoqDPfvOj5Ts5nOQPX8Xl7RI6JdI8rerKKBCQgAQlIYDQCGuKjcfKs5hBgBmxYb3E3xNX1SzkJY/y2SXEXZU0gWw/lsLXCl0aCDhHwqWyQGC1vTGWZoZOquZvnBwGIMB6SXVY8QQLjEjgrF/w1ivfKOUkxnNhiDxdzXpgxm8nsI0YQsRwwSk/NeaPIjXPSZ6Ks/+Xz/rPkz4/iBYOhj5s7L+RYvsFLgFTNf+ZJJ6WsH2Z2nG0Vn5WbMO7B30H6iicPLxBxo6bPOVUZQoAlDrDiBSRLcXgJy9/5nYZcM1j12xTwd5M2WCdOxHMinxMlP1WKBCQgAQlIYGUENMRXxs2r6kugPxhTWS+PS8UwYzTVrROMFoLUDXMr50s+e9tiiGwfAswcJikUIjkTRIv1+IUnzL7QHrSYAAYV63FxC35JxomRdKekvGwiOBoz3h/N8XLC+bxYWjsnEo384UlxcyfQGoYW69GZBcVYJ3gc8SaYkcdr5j0597Dou6MYz0TX5kXfC3NMPAVeCmL0s5abGX68SJj1Xj/1BJuj/GrJcw7HBAkjfgX3xROAmXL611OMyqvkfF4gDvvdzCmrEl4+8HvN3wr6dau0hncCL97oF6wYB8cEjbtJ6vl7yjgYA54GRL3nPMqYbaY9xk//b5fzMWgZP3+Xcrgq6bVx+7SyYRT2vJjhRQ4vK3he/M1/VOpGlTNyIi94aJu+Py3HtJlEkYAEJCABCVRDQEO8Go62Uh8CrPUjCNOwHhEtHFfXYee0qY4v1sdmQHyRT1IoGOFsFcXMI0YOs4+PzZkfiJYJX6Tfnkq+jCdR5gn4Y9YEWFPOZ5jZ815f/p3MvlGi/zPbzRZjeMXg4s3actJB47a3VhijMpfOYTxifDLDiiHKyypeXOFijhcJ0bVZ+sJWVcRTwC2eWW52Hei1jwGPkUewOcrpK+dwzHp1Zl85h/4zS05Mhl/n5szmcj7GP20RoI5jZvBJj885vCjgbx8vC2iT62j/3NT9I0qb/J5zD+p5ucCYOf5D6vFCINo7Lx+4ljL6xez82amnXTxhMG7pI8d4K/widbRPm4yBdnh5gSFMGX+TaY970RdeoNBX+o0XA/0iTz3X0meupY5xH532+TtDXAv6QX+4BqW/nEced//v5lzY4zZ+9eR7zzDZZYVx7J6z+DuI8oKHvqZIkYAEJCABCVRPQEO8eqa2OHsCBGH63jLd4EsWszjLnNaKatad9q+RHRwUX5TZX5kv3v11fPFlre12KeTLbpIlQrAjjIAlFRZMl4B3WyDAzDjRqnsFGHavzMH+UTxmMNQIykUAR14mbZZyUl5YMQPce1HHzDMB1Q5IPbPU014DTD+IycCMLLO59BHjn9l11stzzAw+6f3TR14U3CUpLwuYieY6ZtyZhe79rcOThVl36vEEYJaaY2a/mckex3DNrYYKyweGntBXyRjoC32gzxjRzEYz7m1yHi77GydlZp4Z+mTnZbX95W8enwuWJ8GDuAK8KJlv3B8SkIAEJCCBSRLQEJ8kXdueFQFmeHBRPGFIB5jFxa2VL31DTmt01eXTe4LRsaY22UJhVowvoacU1l5SyIwU7urMYl1SsvgnaybZBmpxqUddIFC3MWLAsWSi1y9mTD+YA9yMkwwV1mAzG8ysLJ4hX87ZzHbvlZQZVqJi4yaOgczMek9xaWcmlXugBO5ivTkz7qMqs8u8+MqtRhJmfhnbSCd70jwBnisvDXk+xBbgRQUvNfCUIGAns+rzJ/pDAhKQgAQkMA0CGuLToOw9ZkWAmRRcJcvuz2wuLpNEaWY2rOy8ppazZrUsgjxj4ovp/ZLB1TPJUMEoYbYNw77oxENTiJtuEkUCkyZQ2D7B1XBPZm01J2BYMfvN+l6Oq1J+b5hZ7ynGHTOpeNmgbGW1eW7GjPuoyqw0QSQx9EdRzmU9Nucyi0/K+m1SZvh7LwlWm+KiTUBL3PMxWsmz9pu/l/SZF5nk6Qvu+tTxooKZa9aGc39m7Xmh8aQw4UUFiht/7yUFHgupWrHgFs/fJ16s0jb8WZbwnLTIcyBKOp8J+sVLE+o5lxe2OUWRgAQkIAEJzIaAhvhsuHvX6RDgCzPBk4bdjS+LuHniejqOK+WwNutQRwAl9k4u6wsGC9u5sTaz7JzBctZw4vZbZowTuIov7oPXeSyBSRPg8/623AQX5yTzQhC1F83nqvpRz3aYxadnvRdqrHnvvSRYbYqbNr/vf8kNcOMmj+HLempm8VnzTZ7ZedaDU8ffXdZ4s5acoDCV2gAAEABJREFU+xMoDRd/ngcvKlA8aHovKQiuxwuEno7yIgE3dgx/rsH4Z2kNs9y0zYw3a+ffkD7jmcB2jYMR6FOlSEACEpCABGZLQEN8tvy9++QJsO0MM1bL3Yk11HyRxTBf7twm1DMTxSxQUV9x1aWeYFBF9cPKiLxOhOr/lpxEEKmy+5ZcYrEEVkWAoIJExuYlEQ1hdBGcsOqZcNqeiXbspqO8SOAFIoZ/x9A4XAlIQAISaBMBDfE2PU3HUkQAgxF3xFHWX+JiyYwKbpZFbTWp7BUlnSUKMsHXmLEqOWXZYmbAnl1yFgGVXlBSZ7EEqiaA6/FBaRQ36STzQgRz3KCJlD5f4I8VEfAiCUhAAhKQgAQmSEBDfIJwbbpWBHBdZM3gcusR2dpo71r1fLzOEDGZLX5IB6+8MAWsLa3CQDk8beECmmSJEPyoP7LxkhMskMAqCeCOzLITttkjAnivOdZq75cDXKWTKM0jYI8lIAEJSEAC3SCgId6N5+wo5+ZYu8iawd0Cgwi5SUplp9Q00UWdWUH2+SVQUoawRDBQWNO5pGKFBeyXzH7Cg5ez1p714oPlHkugCgKsC+azzJ7d7H7Qa5PI5kQvZzu+XpmpBEYj4FkSkIAEJCCBKRPQEJ8ycG83cwIEDGK7LiLplhml7Mf71Jn3dLwOsB6WLY3YvqnoStaFH1xUsYqyc3ItLy2KZthZg75t6hUJVEkAI/zUNLhHtCfsfLBzDgi4mESRQHMI2FMJSEACEuguAQ3x7j77ro+cSLq3C4QiIzLFc7vyowG6TvrI1j1vScoLhCRLhGjnbB9EEKsllassOCHXs0VUkiXC2l2iGy+psEACKyDAcgeCsN2+71q2Htwix+z7nUSRgARGIOApEpCABCRQAwIa4jV4CHZhZgTYR5Y1pUUdYDsk9r8tqqtL2Y7pCOvB75W0TH6Qik2j/4pOSnATPqWgcdapMwv/fwV1FklgHALslU1cgsf0XcTMOIEHT+srMysBCdSWgB2TgAQkIIF+Ahri/TTMd5HAyzPosgjizPReLfV1E/rEvrxvTccuHy0S3Mbfkwr26mVf32QnJgSBe1ha/3N0UNhaigjuGuODZDwehQCu6PfPiT+O8llOMi8EBGS7sv/NH/lDAhKQQBkByyUgAQnUlICGeE0fjN2aGoELcifcupMsEbYze+mS0tkWsBb8d+kCM4FJCoUt2zBU2MKp7CVD4YWrKKRP9yy5fs+UE0QriSKBkQmslTOJjH580t6LHF727JDjMk+WVCkSkIAEZk/AHkhAAhJYjoCG+HKErO8CgRdnkD+MFgkzunVwUSc6NLPgvDS4UlFH15SxZnuD5A+NTnu28Izc89HRIsF42ryowjIJFBAg8j67HPRvkceOAFvn3HdGeYGWRJGABCQggT4CZiUggQYR0BBv0MOyqxMjwAzyAWn94uigXC8FBISapTF+t/Th29Fhs+AEYntizsGN9+dJZyUfyY3Z1uyfSfuFQFvHpYC1vkkUCZQSuGxq2P7uGUl78qNknh7lRVMSRQISkIAE6kPAnkhAAishoCG+Empe00YCrKcui7zMDPTRGfTjotMUDJIP5YYnR4cZsARso54x5NSZy97pAduaDb7YYDw/Td1No4oEighcO4UfjRKIMMm8fDU/t4x+JapIQAISkIAELiHgTwk0nICGeMMfoN2vlMCL0tpno0WydgrfFX1OdNJyhdzgddF/RMtcvVM1h6HL7DNr2dmijLK66HvTkdtEGUOSRXJmjm4bVSTQT4AXNPz+PbSv8MTkWR7CZyZZRQISkIAEJDBbAt5dAlUR0BCviqTttIEAgc2em4GUra3uGcjM9ua0yoV14C9Iq3+LYvATrCrZQmEWnDXXzD6fV3jG7At/ki4cGcVtPskiYcsp3P4XFXrQWQIsqfh+Rn/HaE9wT2cm/I+9AlMJSEACEpBARwk47BYS0BBv4UN1SKsiwFpU1mSXGeM0jgv7s8lUpOuknTdGWdv96qQY/EkKhVlwZps3TC3RpJPUWnZL746NFskvU3iPqNJdAkRDxxOFzzK/Bz0SBGrbKwdFHhUpViQgAQlIQAISmDwB7zBJAhrik6Rr200l8I10/F7RYYKhwLrxYecsV0d081fkJKKNPyvputFhwhZhj8wJT4j+NtoU2TYdJdp7kkXCmvEvpuTeUaVbBDDAH5EhnxN9ebQnHLNFHy9w/t4rNJWABCQgAQlIoEMEOjJUDfGOPGiHOTYBAkRhjDNDXnbxNqnA/Zo12skOFda/bpozHhYlCjvbpZ2SPK7l1006TIjqjmFy45xE5PFhs/U5pZZCxOtnpmeDfcf9HmP8nqlTukGAZ/29DJWgbP2z4ERE53eE5QyDn5OcrkhAAhKQgAQkIIHJEZh2yxri0ybu/ZpEgCjNd0qH3x4tk1umghltZqv/kjzbdmFE/HtN/tykzF4TbIqZ9o/neOvoraNXjC4nXLteTnp9FIM8SWPl8PSc4HL/SjooJ6VgWGC6VCsNJ0BEdF668Kxv1zcWZsH3yfEWUaLqJ1EkIAEJSEACEpBAuwmsMcTbPUhHJ4FVEMCgZiullw1pAzdbAo9dI+f01nfjdk3+Kim7fnRcwZjHbX39XEjwtiStENYDH5CR/Cw6KBjpDxos9LgVBN6UUfCyqn8ZAi+Wjkr5HaJ81ote0KRKkYAEJCABCUhAAu0jMFtDvH08HVF7CeyXoT0jioGcZGLC7OCH0zpu8cwSttE4eWnGxxp73POTXRC8Cz6WI7wQkigNJ8D2dftnDH+KsiyBF1bJzgvPmW3KiHfwm/kSf0hAAhKQgAQkIIEOEeikId6h5+tQqyXw5jS3cfS7UaKXJ6lMMPA/kNaIxr5VUtaoJ2mtHJqRvTZ6UbRf8CJg7fyD+wvNN4YAa77xIDkxPT49ysukayXtCS+Z2KKMZQif6xWaSkACEpCABCQgga4R0BCf3hP3Tu0ggJHITN4nKhrOr9LOE6NXiz4+iqtu1UZ+mq2lvC29uk4U9/8ki+SwHLm1WSA0SB6Svp4cfWv0PtGesAUZM+AY4I9J4fejXfmMZ6iKBCQgAQlIQAISWEpAQ3wpk5aVOJwJEMDVFoOCdeMrNSgwuNmK7Cbp33uiXd2q6a8Z+8OjX4/2C1HmCZbHy4n+cvP1IkBcBD7LeHR8Kl27fbRfPp2DtaN81jHAk1UkIAEJSEACEpCABDTE/QxMhkD7W/1Phsi68VskfU2UmUCipl+YPIJhgpF+fg5wM2fLshcmf//oVaOsjWWWMNnOy2dDgMj0RTPjx6SO7a6SKDUiwIw3EdD5zG9X0C9c0C+TcrxHkigSkIAEJCABCUhAAv0ENMT7aZhvPIEZDOAXuecLorhRXzMpa5wxQPjdIjjVlVOGIblt0ldHT4h2dfY7Qy+VI1OzQ5Tt35Isks/naLOoMlsC7AywebrAyxFeIvVHQE/xHJ9r1v6z3ACPEcpUCUhAAhKQgAQkIIECAhgLBcUWSUACYxDw1GoIHJ1m2NqMba2SXRBebnwpR4+NKtMnwNrud+a2bD/2maQsF2BbvmQX5MDkbh3dNcrSjSSKBCQgAQlIQAISkEAZAQ3xMjKWS6D2BFrZQdbds+UVAb4GB3hsCl4ZVSZPgKj1B+U2LLH4XtInRQfl2ylgS791k+4Z/X1UkYAEJCABCUhAAhIYgYCG+AiQPEUCEugjMPnsS3OLXaI/ig7KXin4cvRKUaU6AjdPU1tGmfHG+CbI2u45LhKiom+Yik2ibOlHwL1kFQlIQAISkIAEJCCBUQloiI9KyvMkIIFpEnhHbvaF6IL0Ze6V/DeirEVOoqyAwKa55lVRGLMu/2fJHxdlDXiSJXJWSl4cZZu9nZIyS55EkYAEJCABCUhAAhJYCQEN8ZVQ8xoJSGAaBJ6dmxB9O8kSuV1KmLW9QdJJShvahtVtM5B9o0T3ZwabFxlE8b9fyliDn2SJXJCSw6MEZbt20pdHz40qEpCABCQgAQlIQAKrJKAhvkqAXi4BCUyUAJHUjyi5w51S/sPos6JrRVskqxoKQdMekhbeH2Xm+gdJT4vi8n+3pFePlsnpqWDdNwHa1kn+mVGWAiRRJCABCUhAAhKQgASqIqAhXhVJ25GABCZBgC2xWC9O1PSi9tke7o2pwNDs2p7Vt8y4MZjxHPhA8riPn52UlxOfSvq4KPVJSuU7qSHQ2n2Trj03N8fsOeu+v59jRQISkIAEJCABCUhgQgQ0xCcE1mYlIIHKCFyUlu4TZYY3SaFskNJPRjHY2QLtRcmzpzVroL+Y/Pui5E9K+t01yrkfSp493u+eFPdr1k7fNPm7RMnfNSmu2ewFj9Gfw1ULM/nsyb1+WiJ/h6TkcR8nCNpGOd4++pzobtGnRt8SJWo8+3czy01U+Z+kjPwbkm4VXS9KBPMkhcJLDbwLaJt19ux3f+ecydZjMKLNHE5fvKMEJCABCUhAAhLoGgEN8a49cccrgeYS2Dpdf350mGyWSmZ4Wc/MTDproDGkuZY8BjXGLsq5j875741+NfrHKGunz0z69Sj5ryXFSMWAx5A9P8dEFb8wKUqQM4x8DPqjUoah/Imk7Il+StLzon+Lck1PKWdP7jNSTv7UpOSZ1eclAbPU70nZ66KHRI+MPi3KPuoPT8os9xWTDpNfpvLzUdz2ecmA0X3VHO8cZbxfSdp1cfwSkIAEJCABCUhgZgQ0xGeG3htLQAIrIHBwrmE2d1au02vn/sjl8gNl2y+MfAz67VKGobxF0m2izHazzppI4zmcqPw2rX8uuneUmXVm9R+U/GFRXiYkUepBwF5IQAISkIAEJCCBuTkNcT8FEpBA0wgwm/uIdJp10Uk6Kb/OqE+M7hfFjf6GSdl6jC3JWCOeQ0UCfQTMSkACEpCABCRQKwIa4rV6HHZGAhIYkQCu14/PucxEH5+0zYKrOuvAWTOOO/1lMtgbR3G1f1nSb0YVCdSSgJ2SgAQkIAEJSKCYgIZ4MRdLJSCBZhD4SLr5wChGKeu0L05+lsJWYazNJigaweKOSWfYNmzHpCj5ft095UQsH1SCxGFwowRUwwjHGGetei5RJCCBIQSskoAEJCABCdSegIZ47R+RHZSABEYggJs2wcyukHNxW98nKUY6wc9OTp4I6YN6XMr3j3Iubt09Y/gxKcPlu99gLspjRN8/53Id237x95QI6KzNJijarqljrfhLkr59jZLv19emnGBwg0qguFQpEpBAcwjYUwlIQAISkMDoBPjiOPrZnikBCUig3gTY6uzj6eIroritb5z0HlG2PxtUAqvtmzrOJdBZzxj+cMpw+e43mIvyGNEn5FyuOz0pUdGTKBKQgASmSMBbSUACEpBAIwloiDfysdlpCUhAAhKQgAQkMDsC3lkCEpCABFZHQEN8dfy8WgISkIAEJCABCUhgOgS8iwQkIIHWENAQb82jdCASkIAEJCABCUhAAtUTsEUJSEAC1RPQEK+eqS1KQAISkDFmbdQAAAOiSURBVIAEJCABCUhgdQS8WgISaDUBDfFWP14HJwEJSEACEpCABCQggdEJeKYEJDAdAhri0+HsXSQgAQlIQAISkIAEJCCBYgKWSqBzBDTEO/fIHbAEJCABCUhAAhKQgAQkMDcnAwnMjoCG+OzYe2cJSEACEpCABCQgAQlIoGsEHK8EQkBDPBAUCUhAAhKQgAQkIAEJSEACbSbg2OpFQEO8Xs/D3khAAhKQgAQkIAEJSEACEmgLAcdRQkBDvASMxRKQgAQkIAEJSEACEpCABCTQRAL177OGeP2fkT2UgAQkIAEJSEACEpCABCQggboTGKN/GuJjwPJUCUhAAhKQgAQkIAEJSEACEpDAaglUaYivti9eLwEJSEACEpCABCQgAQlIQAISaD2BFhjirX9GDlACEpCABCQgAQlIQAISkIAEWkRAQ3ylD9PrJCABCUhAAhKQgAQkIAEJSEACKyCgIb4CaLO8xHtLQAISkIAEJCABCUhAAhKQQLMJaIg3+/lNq/feRwISkIAEJCABCUhAAhKQgAQqIqAhXhFIm5kEAduUgAQkIAEJSEACEpCABCTQPgIa4u17po5otQS8XgISkIAEJCABCUhAAhKQwAQJaIhPEK5NS2AcAp4rAQlIQAISkIAEJCABCXSDgIZ4N56zo5RAGQHLJSABCUhAAhKQgAQkIIEpE9AQnzJwbycBCUBAlYAEJCABCUhAAhKQQHcJaIh399k7cgl0j4AjloAEJCABCUhAAhKQQA0IaIjX4CHYBQlIoN0EHJ0EJCABCUhAAhKQgAT6CWiI99MwLwEJSKA9BByJBCQgAQlIQAISkEBNCWiI1/TB2C0JSEACzSRgryUgAQlIQAISkIAEliOgIb4cIeslIAEJSKD+BOyhBCQgAQlIQAISaBABDfEGPSy7KgEJSEAC9SJgbyQgAQlIQAISkMBKCGiIr4Sa10hAAhKQgARmR8A7S0ACEpCABCTQcAIa4g1/gHZfAhKQgAQkMB0C3kUCEpCABCQggaoIaIhXRdJ2JCABCUhAAhKonoAtSkACEpCABFpIQEO8hQ/VIUlAAhKQgAQksDoCXi0BCUhAAhKYJAEN8UnStW0JSEACEpCABCQwOgHPlIAEJCCBjhDQEO/Ig3aYEpCABCQgAQlIoJiApRKQgAQkMG0CGuLTJu79JCABCUhAAhKQgATm5mQgAQlIoMMENMQ7/PAdugQkIAEJSEACEugaAccrAQlIoA4E/j8AAAD//0Fh53cAAAAGSURBVAMAfUvL4Nv8nfMAAAAASUVORK5CYII=', '-', 1, '2025-09-09 07:49:50', '2025-09-09 07:49:50'),
(5, 'Kirei', 'Tiktok', 'Membuat Konten', '2025-09-09', '22:01:00', '8098908', 'kirei@gmail.com', 2, 'guests/photos/opUqIPPaBaqTgWv6mn12jDI0620D8ThfKvfAs0Br.jpg', 'data:image/png;base64,iVBORw0KGgoAAAANSUhEUgAAAxoAAADwCAYAAACHdxIrAAAQAElEQVR4AeydB7wtS1WnL6MiKEhOApJzkpwRBAYYcs5gIidBkCENOSgZlRwkSvzx4CECkoVHfgKC5JyHJHFgFPX/nXf7UKdu73P2OTtVd3/3t9au0GnV13uf26uratX/OOQ/CUhAAhKQgAQkIAEJSEACSyago7FkoJ5OAosT8AwSkIAEJCABCUhg+AR0NIZ/D22BBCQgAQmsmoDnl4AEJCCBfRPQ0dg3Mg+QgAQkIAEJSEACEtg0Aa/fPgEdjfbvkRZKQAISkIAEJCABCUhgcAR0NAZ3yxY12OMlIAEJSEACEpCABCSwegI6Gqtn7BUkIAEJ7E7ArRKQgAQkIIEREtDRGOFNtUkSkIAEJCABCSxGwKMlIIHFCehoLM7QM0hAAhKQgAQkIAEJSEACFYElOxrV2S1KQAISkIAEJCABCUhAApMkoKMxydtuoydFwMZKQAISkIAEJCCBDRDQ0dgAdC8pAQlIQALTJmDrJSABCUyBgI7GFO6ybZSABCQgAQlIQAIS2I2A21ZAQEdjBVA9pQQkIAEJSEACEpCABKZOQEdj6t+ARdvv8RKQgAQkIAEJSEACEughoKPRA8UqCUhAAkMmoO0SkIAEJCCBFgjoaLRwF7RBAhKQgAQkIIExE7BtEpgkAR2NSd52Gy0BCUhAAhKQgAQkIIHVEmjb0Vht2z27BCQgAQlIQAISkIAEJLAiAjoaKwLraSUwVgK2SwISkIAEJCABCcxDQEdjHkruIwEJSEACEmiXgJZJQAISaJKAjkaTt0WjJCABCUhAAhKQgASGS0DLIaCjAQVVAhKQgAQkIAEJSEACElgqAR2NpeL0ZIsS8HgJSEACEpCABCQggXEQ0NEYx320FRKQgARWRcDzSkACEpCABA5EQEfjQNg8SAISkIAEJCABCWyKgNeVwDAI6GgM4z5ppQQkIAEJjIvACdKcW0WvHvX/4kBQJCCB8RGY1B+38d0+WyQBCUhAAgMl8MzY/cLoP0TvGlUkIAEJjI6AjsbobqkNksCgCGisBKZK4FxFw89d5M1KQAISGA0BHY3R3EobIgEJSEACAyLwiNj6xej7ok+LNiSaIgEJSGA5BHQ0lsPRs0hAAhKQgAT2Q+Do7HyW6KWi/xJVJCABCcwmMNAtOhoDvXGaLQEJSEACEpCABCQggZYJ6Gi0fHe0bVECHi8BCUhAAhKQgAQksCECOhobAu9lJSABCUyTgK2WgAQkIIGpENDRmMqdtp0SkIAEJCABCUigj4B1ElgRAR2NFYH1tBKQgAQkIAEJSEACEpgyAR2Ng999j5SABCQgAQlIQAISkIAEZhDQ0ZgBxmoJSGCIBLRZAhKQgAQkIIFWCOhotHIntEMCEpCABCQwRgK2SQISmCwBHY3J3nobLgEJSEACEpCABCQwRQLrarOOxrpIex0JSEACEpCABCQgAQlMiICOxoRutk1dlIDHS0ACEpCABCQgAQnMS0BHY15S7icBCUhAAu0R0CIJSEACEmiWgI5Gs7dGwyQgAQlIQAISkMDwCGixBDoCOhodCVMJSEACEpCABCQgAQlIYGkEdDSWhnLRE3n8iAicOG25dPQK0VNFFQlIQAISkIAEJDA5Ajoak7vlNnjFBB6T8/8gekz0HdH/G31p9Fejyt4ETpBdLhr97ejmRQskIAEJSEACEjgwAR2NA6PzQAkcQeCaqblv9HjRUm6awquidX2qlILAXZL/fvSD0a9F3xr9jagiAQlIYJuAGQlIYDgEdDSGc6+0tH0CN9nFxOtk259ElX4Cp0j1E6L0aCTZkivlE+cjiSKB0RO4RFr46eh/Rn8UfXBUkYAEJDAEAjNt1NGYicYNEtg3gTfuccQzs303ZySbJyvnT8uPH63lwnWFZQmMkADf/aPSrnNE6fk8UdKHRK8XVSQgAQkMloCOxmBvnYY3SIC5GB/aw64XZvvFo4cO+VES+LeyUOR/UuTNSmCsBM6Thp0uWsvv1xWWJSABCQyJgI7GkO6WtrZOgCEPl4yR146+Pvpf0Vp4c/naVJ4hqvySwDd+md2Rs0djBw4LqyawofPzt6Pv0lfuq7ROAhKQwFAI6GgM5U5p51AI/CKGvi7KxPDbJe2T06byAVHllwRmDRH5zC93MSeB0RL4VFr23Wgt503FWaKKBKZMwLYPmICOxoBvnqY3T+A5sRBNcoQwMfxMR9ROr+LX0+TbR58Y7ZMn91VaJ4GREfj/ac+x0T5hknhfvXUSkIAEmiego9H8LTqggR7WCoE7xpCXR2thXQ0mh9f1UyrzpvYLafAzon1hbFmD5L3ZpkhgCgRm/T04+RQabxslIIFxEtDRGOd9tVXtEPiPmHLb6JujtTCfA63rp1C+WBr58WjfBNhUbwlO2lZmLB+2QwK7EDg6274draVvrle9j2UJSEACTRLQ0WjytmjUyAj8LO25TfTD0VJOksJToyeMTkmukca+Jzqr3QwjuUO2vzqqSGAqBH6ehj4sWkv9d6PebnkxAh4tAQmskICOxgrhemoJFASIqkQEmbcVdWQvko+bRaciF01Dnxdl6FiSI+QrqTl3dNYwkmxSJDBaAj/uadkFe+qskoAEJDAIAgdzNAbRNI2UQHMEvheL/iZayz3ripGWT592MV/lNElrYYgZUbq6eRv1dssSmAKBvvVkfm0KDbeNEpDAOAnoaIzzvtqqdgm8Kqa9IlrKBVK4UHQhGcDBL4iNZ43W8oZU4IQ8OynhgZMoIyJwi7Tlo1HmGnB/GUrIMCHKOJjUkUdxxt+RfQkRfZ+kU/hdpJnbAovtwuEMkdkOZ00kIAEJDIuAjsaw7pfWjoPAQ3qacaueujFVPSuN6VvlmIfOW2cbEaaSTFZY5PF9af0PoyzexgMneYIIMJQs1YOUy8XqF0dxppMc4v8cHpxZuJLyr+SDuiRbcrJ8XiHKOjR/mZT5CawO/+fJz5rTk03Nyn4N497Xx/y0rrAsAQlIYCgEyj/wQ7FZOyUwdAL/mgY8KFqOx75byt3DV7KjkmPSGtYNSbJD3p0Sb6y/k3TKcsM0/rVR1ks4cdLjRfnbTJ55PTxsnzl1QxPu7ZuWYDShj/8i54HRKZKOWfrmLn1uzA22bRJYPwGvuE4C/Ge2zut5LQlI4DgCL0tSvr3kLe9VUjcWwWlizgXO1KV7GsWQmbun/tPRqcst9wDAd+P5e+zT2mbCNn8wRi2zF4Lfx+dzTnpBkoxS+novfjDKltooCUhgEgR0NCZxmxdvpGdYOoEv5oyfjZZy77Iw0Pxvxe7HR/8lSuSo30xay1tScZ7osdEpCwuxPSUArhvdSxhOxLCivfbb9Hba9Lcxgnk3fW/ns2kh4fv1kpxhrM4GoZ3TvG3hZcQnt0tmJCABCQyMgI7GwG6Y5o6GwL+nJQyXYgJssltypXwSdSnJ4IShPUTU+lYsv1f0nNFaaOsbU8k6GrWTlepJyQPTWual8B2Y9+8wa7HksG1pLXPzGPTx6G2jJ432CfcfR4GJ/4/KDs+JPjn64CjD656YlLUk3pqUXq8kR8hNUsP37KpJxyb174K5OsxRGVs7bY8EJDARAvP+BzcRHDZTAmslwNyFT1VXZGJ0VdV0kWE9j4iFb4/eOXqCaJ98P5VMCL56UpysJJOVc6TlD4/u96386XJMq0JkKRyI0+5iIItTcv8ZKsawugdkX5yLP02Kc4HTgZOK08HcFMK60oPBcKnsskOYq8H8j9en9nejYxHaW7YF5xxno6wz3zQBjZOABEoCOholDfMSWD+Bx1WXHMrifTxQ3j62E46UB8YzJd8n300lw4NOmZS33UkmL3tFkSL61Gt6KH25p66FKhaUe9Eehjw22+8a3a/8KAfsFpGN3jEiczG0LLsOXuo5Gvy+Bt8oGyABCUyXQBOOxnTx23IJHGJNDaJQdSiYu3CurtBgSo/FPWIXczCekZSIQEmOEBYee0JqLxJlf8aaJ6uEwG49Ge/K9itG/yxaDqNhXstzU9ei0KNFpKxZttGTQXha3s7P2me3+vdkI9+lLyTtE3o3WHvj+n0bB1Z3osreWcPHqt0sSkACEmiTgI5Gm/dFq6ZDgLUSvlk19zpVeRPF+pr0YPCwhwPxpGykhyLJDmF4FA/DF0stE5d5WF73W3gmIF8r12exN9LdHuqz20bkYzOuyhydy2cba4sQ0pQhVjzAo0Rcoj6bmxPsrI3iAfnRqTxV9C7RRYXvEmuNfGiXE70y2+aZWJ/dmpXacYdjs8ZqmAQkIIG9COho7EXI7RJYPQEekMqr3LgsbDjPHAwWGOTB956xhXKSHfLOlP4wesboH0d3exjM5pUJTgUP8UfnCiz2RvqB5Fv7O1f2VMS8bWGey3ZhQJlv99jK8K/7p36Za6Qw9I4hUszrqIcY5VJbiwEeZHgWx7aip6kMqYZOVVstSkACEmicQGv/ATeOS/MksBICL8xZj4p2oS0vnjyLnSXZmLBYHA4GkZGYnFu/acUwhrIwaZc38YQ03XR0HCaj18POLhxDGcNPT0eyTcgsW3CUmjBwn0b0PQzPauM+T33E7jgYTBq/7xFbjqvo6105bsswPuvfGb2Ew7BcKyUwVQK2e1cCOhq74nGjBNZCgEXtGINf/h7vt5YrH3kR1r3ggf0T2YSDUUfBSfUhov0wCfesKRCGtJX5F5eJPX2CI8Tb9b5tm6hjKFTfdcv737e91TqGR9W2rfqB/69zQaJcJdkhv72jNLxC/R1w6NTw7qEWS0ACBYH6j1qxyawEVkbAEx9J4J9TVb4FZqw+E69TvRa5aK7ysijhdlkP4/TJ1/KRVDBR+WpJWZAtSVNCz8Usg3Ca+tb2mLW/9fMT6HNG+4bYzX/G+fakt63e8wd1xcDKda/g/xuY/ZorAQlIYAcBHY0dOCxIYGME3p0rl3MbeDPL5NdUr1QukbPjNHwwKQuh1Q4GkYLowbh0trNeAdF9km1SGL5VMiyN5G8dDlJZt6k864j8vLo4Zeqr6nUWD3ytvgd+eukOfMI5Dzx1z35D7wGoh0qdraeNVklAAhIYDAH+8x2MsRoqgZETYFXksoksYlaWl5XHmeANPxOlmbTb9wDOfBGiS50/F2WRtfcmbV1Y2OxSMZJwq0mOECJhHVG5oQomNpeXLkMcl/VDyH+0x8h1RBvrcyr5TveYM5iqD1eW9vUWVbtYHDUBGyeBgRPQ0Rj4DdT8URGgZ+EbRYtY2I2hSkXVgbO8GSVsLsOLvpqzMNGbMLTJbgsP6mxn0UDC1xJligdgejW2d2o8wxvtB8XG10VrOX5dscHySatrt+QEVabtWWTCfb3T71QVBDi4Y+qW2c6+uS710KNcclCCg1/2Bn19UNZrrAQkIIGKwBgdjaqJFiUwGALfjaX1BNdFJjEzJ4H1B16d8xJS9TVJiRKVZIew+N7dUnPm6FWjzNX4UdIhS98cgU831CCiJ5XmDPkBme9t2RbyPDCTosz/eX8yT4v+Y3RZ0ucAtxKYneeSIgAAEABJREFU4KBthNu3ioMZ2lhHoio2m5WABCTQNgEdjbbvj9ZNj8Aj0+RyrD4P/n1vjLNbr+BI4KywsB4Tux+Xva4XrYVJpk9J5fmihNIlig89HSmuQtZ+zr71G0quazeouiCT/8sqJtqX5SHlz9RjLOGRqSagwYvJHFacjjsdzi+a9DkVJ1/0pA0c/5XCBkIej6FNRZPMSkACUyKgozGlu21bh0CAyaBMai5t3evBjIc65iXgWDD06eY5+CTRWhiSwUPfbbKBISz3SDq0oVExeS55Zs9e+3HYeg5falX9lpoH8qVeYI0n+7Wea3UR1Fhcr17bhLlIfGd7DttXFQ5yfcDZ64oBlr9Y2dznyFW7HLDoYRKQgARWTEBHY8WAPb0EDkDgsTmGuQZJtuR2+TxDtBQe3v4qFYzh/mHSB0QZKpVkh/DQ8uzUMOGbKD23Sp4FAolylOxoBQeKOSdlA3mbXpY3mWe9kvL6ffMNyu0t5/scje7/FiKV1bYzrI35R3X9fsun6zmgz8Hu2a3pqm9W1i2DVXVKixKQQKsExmZX95/B2NpleyQwZAKfifFHR0u5awo8nN4w6eejn4xS1/ewxfFPzfZuUT0cFULUMlwq1ZMQQq5+qWopIXr7Hoqr3dZSrKMJ1T0cazFiSRc5Rc95uvbM+s79rOeY/VYRAro+5oR1xQDL/LZLs3mpUJbNS0ACEhgMAR2NwdwqDZ1NYJRb6NUox6DfK63kTecrkp4lWgq9Hy9KBY7HGZPSs3GXpESx6pswm02TEIaRlQ3lIfQyZcUG8vzNpXepdjTomdqAOUu5JE5dfSK+u8wvoPei3kZ5GUPFCHDAuUod+oJ9tIXeONJON/2d7ewwlYAEJLBvAvynt++DPEACElg5AcKDlpNCeRN/oly1G2Lz7eRxOq6Z9DTRW0dZ0XtME7rTpIXklT1HX6Wnbp1VzFnAAWR9kvK67ywLA8vXvW+Y/6ZDhw7VQ9eo7/RrXaZIcUwukDKhmJNsy6z6ej8OGMPQKdbSIJgD7UFh0s15oaxKQAISGAwBHY3B3CoNnQCBc6SND4+yiN5Lk9aTQAl9ycMzkaXoubhJ9nl99HtR5UgChFJ9T1VNFK+qaq3FS8642pDfxD8qbXp5lO8nPRnHJH/7KFIPX6MOB6TswSHyGd95ooKx+B89FfTEoZyPHruynjq2XZCTVTqrB6XarekiHMrFCOn9cvhU07dsOMZpqQTWTUBHY93EvZ4EjiTAUBoezljP4oHZTOz8JFvCQ9lWJh8sOMe6GG9NfuyTudPEpchR1VlYOI4Ht6p6bUXWNOHBub4gPVZ13VDKRDO7aYzlIZ/eh8sm3/XG0fOW4g4pv9MEKHh3tvKd73rrUtyWeeu6A3hI7/JDTt9RGd83qb7axaIEJCCB9gjoaOx5T9xBAishQO8FIWnpjWAoDROVeVDrLkaoWhbRu34qGEqRZEv+YOvTj3kJ8Ka93Je/efQElXXrzL8xF+t7eL5v6scop+xpFM4I1czTYD2RZQ53wlnn3ENXnK+yDZcrC+YlIAEJDIUA/+kOxVbtlMAYCBAJ6r1pCKtUE5KW9SxS3BIi9DwrOSZ/Mi6bRfR4MOUNMJpNh27Ex+R1fgCE96UXoTzij8rCmvO8cX9tzzVZE4KoYj2bBl3V9+D/08Mt4jveFznq8OZ9J/xGCIKw7wMbPOBdsYnvSpItYbjkVsYPCUhAAkMioKMxpLulrUMkwG+Mh4Snx3jGlTOnoh6nT4/F/852VgBmbDvzCrqHDMa943x0b8F5ODOufmDtQ56UfeGYZEvoPbrBVm4zH3fPZevhU7zlv3/qxyZ9Q3660LfMtVhmex+ck5VzG1IcrPB9/URhPZHmGDpZVLWX1SIJSEACNQEeguo6yxKQwOIEcAYek9MwGZYwq3dIvhR6NP4uFbeNXiz6F9FZaws8v9qG45IqZU4CDEPp3qJ3hzw0mU09uBEZ7GW5fi33SAUheJOMRmhr3ZjOyfp4NvD7SLItbGPiN0OqnpdafiffScqcj48k5U0/E8ffnzzrxbCmzN8nf7Mok9KTjEZY+6ZrDFGnltn7053XVAISGDeBjbdOR2Pjt0ADRkKAN9IXSVtwLhgaxdtIxt2fIXWddEOjbpGK80ZJX5CUIR9JZgoOyDOLrTgnRdHsHgTge8/sw6TlJFtCeNn/tZXbzAeT/usrM3Rq01GxapsWLf+o5wQ/OVzH95pJ4DjZ9PQ9OvWnjzKMjN8SQ9yItnSq1BHumd6Ryyd/qSi9gqwXQ4jba6WM40aPYbKjkddVLblNVbYoAQlIoHkCOhrN3yINXDuBvS9IOE4egO6dXemtYMEy3sQybAPngoegbNoS4uE/ITkmION0MDSKngweflM9t/AgxVtdDiByEg9d5NX5CLwqu/H2O8m23Hk7t/4Mc0fKN9adBURv6vJjSLshf2VbyqAH/HYYNsh6MAwdo1zuO+U8vTY4Yx0D5m51eVMJSEACgyCgozGI26SRGyRw4VybhyDetvKgz1vxj6Xuk1FW72YYE29cU9wW9mOi9xVTw2RvQtKyuB4RplJ1IKGXhB6R7uDrdhnTuQjwZv2O2bN8cKP3gDfiqd6IPL7nqmOb7M8ik3UzD/T/Tn2SCZT5vTOErGvq7yUz5DDIMV+RgASmRsA/+FO747Z3HgJnzU4M2/hA0mOjDGHgrSs9EgxvSdUOwfkgkhDDYRjigTJevI6Fv+OgAxSY1Nwd5jCKjsT8KZPs66Fq95r/8KXvyYKCOKXliZk3wmKMZd2Q8zjktf1fqCsszyTw9mIL4YBxNooqsxLYKAEvLoE9Ceho7InIHSZE4MZpKxNOP5f0OVEmaSfZIUxUxYH4y9QSqvZKSXFA6GF4ZPL1g2OqliZvKc6EM0QEqqLK7BwEmGBc/t2jx2qOw1ayC3MK6CmrT873sK4bapmH49r2vl6Oeh/LxxFgjZ3jcsd9Xue4xE8JSEACwyBQ/oc7DIuHbqX2t0qA+RYviXEXjJaC0/GUVDB8ivCzTFRlSBRzMXgI4I3jD7J9HUIEHiLtdNe6dpcxnZsADHnA7w7gfm7y7yAObWkPdo3J0ehC2dKuTk/aZUz3JEDEtHLI5Q1zRN+8l1QrEpCABNojsMn/YNujoUVTIECISCZnfyuN/XmUePU86DHfghCSqTrEeH6i4BAR5zypIOwo5e8nv2lhGFdnw//sMqZzE+ChjSFU3QE8CF+mK2wg5ftXT4DmO7cBU1ZySX5L9YnLeTL1Nss7CRA0gp5S/laxhb9f9csQ6lUJSEACTRLQ0WjytmjUCgkwMZtQp6fONRgP3ze58sTZRujTo5MyYZf/3JNtQt5YWMF47b6hKcUuZnsIEB2srD57WdhAnvUkysueJAWCCCQZvNTrl9CgVQ4v5PxjU1ZXLyN1XWVsDZzRHqslIIERENDRGMFNtAn7InD1fex9mux7tygPRg9KSljbJBsVhlLwlrMzwrebHYn5069Xu+J0VlVrLb6z52r0sPVUD67qP3ssduhPD5RdqhieSWAKQmiz237+hrG/KgEJSGBJBPZ/Gh2N/TPziGETqN8ez9MaficPy46EtT0q6SYdDiJcYUfM2JIxDbPZatAaPggbWl7mzGVhA/mn9lzzlqlrqSct5hxIusX5yoP7nI9yu/mdBP49RZyNbsjZZVNWJCABCQyCAA9QgzBUIyWwJAJPzHkYp5/kQEJ0KXoViDo1VxjSA11l94N4u9nt4dvNjsT86berXftCFle7rLSIPcdUV2BI3P2quiEWv9tj9KZ595jUfBXfjy5a1wlj7SajpeXyigQkIIH5COhozMfJvcZDgInAp0hziOzz50kfGn14lLfKDFdh1e5vpLybMIb+PtnhS1FC3V4k6TrlXcXFXC24gDFntu7VIjzxnIeubDeiT9Un/+NU1ItBpmpQwmT32uCv1hUbKA/tkm+LwWVP0JlSViQgAQk0T0BHo/lbpIErIvDKnBfH4iFJ/0/0LlEcj1skZcgK48ivnDw9ILxxTvYIYZ8rpJbJxf+WlLH2hMld9RvbchE0HpJPm2sr8xNg+Fm5dwvO2nNjUB0mmTfXhFHOpsEK673UxtMjWNdZ3p0A340PF7sQrKIompXAGAjYhjES0NEY4121Tcsi8Nac6F7Ri0dfEP1OdJbQy3H5bMR54UGWsemExGUyeV9kq+x6YHlfjuzCXfIbZl2PVClzEvh89ivftDNMqYW5Lv8Qu2q5fSqIgpZkkMJvojYc/nWd5b0JvCi7EIo7ySF/84f8JwEJDIEADylDsFMbZxCwei0EGCJ121yJScMPTrrX0Krscoj1Ga6RDIv98VDLw9XTU75q9FeiiwoPHd05sKvLm85H4DXVbpeqypsoPqnnojgZrOPSs2kQVX3/x7Dw5SCMb8xI/g7Ri4pZDP8kPDd5VQISkECzBPr+E2jWWA2TwIYJ0EtB9CmGVp0/tjDk6p+Sdm8Zk50pZ8mWO0TfFCUu/vOTsuDeBZIexPEoj2FhwZxG2QcBVnwvd79OWVgwf9DD6amiF60+nvlAv1pXDqT85R47b5i67oE5WWVOAgzR7HbFWWMdna5sKgEJSKBJAjoaTd4WjRoAASYUM4mcORq8XbxRbGaBv3kmujJM5zbZn8X3PpqU+R1/m5Tx+OdOOo98ptipbxx8sdlsD4FXV3XXTLmFidevih21/FYqhhpd7A2xnfCsSbaF4VQsmrldYWYuAvRolKvIX3quo9zpMAETCUhgEwR0NDZB3WuOjcD30yAeEHkrTshbei+IGPSy1DNB/KdJdxPCVjI06zHZ6RPR90ZfGL179JzRPvlhUdnCA3JhziCy74+VX4t2wjya63eFDaYMr8O22oRH1BUDKbNmyZN7bCXa2+V66q3anQC9Xt0e5+0yphKQgARaJbCro9Gq0dolgcYJfDH2EUXoZkkZ3kAUqosm/ydR1t9g8a2vJD9LLpkNt4rygPappDgqr0tKZCzOleyh8i0xjoZDUaCyP/3r7F6GDL1dypsW7HlkjPhFtJQLpTDUv9cPiu0/ipaCc/3yVKw7NHQuOWj5dGE9PaNF0awEJCCB9ggM9T+u9khqkQR2J3BsNrNWAsOjrpT870SZ60FUq8clX76pTHGHEOaUoT08GBPRCufjBsUevI0/V1E2Ox8BnDd4dntfLBnmzCTZqLw2Vy8fKFPckr6ejq0NjX/8LPbdNVrL6VLBvAN+C8kqcxAovxf0aPDbn+Mwd5GABCSwGQI6Gpvh7lUlAAGiV7FOB5N9iXp0vlT+QfSvojgmSXqF4VRMJC83ErGICer+pksqu+c/ls31Gil/lLoW5CY9RtArxlovPZuaryI8NIEU+gInfDbW08ORZKiyNrv/ubgSAQIYpllUmZWABCTQFgEfStq6H1ozbQL/muYTjYq5GTxUEtr0eql7WpSHsSQz5WrZQjQr3ng+O3l6TVjML1llFwI8/Jab/zCFk0U3LbMWZGNuAxR2/xQAABAASURBVI7mpu07yPWx/cY5kOAHSbaFt/KEG3b43zaSmZkvVFt4OVFVWZSABLYI+NEEAR2NJm6DRkiglwDDengAu3O2niNKdClC5DJp/B9T7ns7fLbUMxGdMKnMA3lzygy5wnkhOlaKSkHgFcl/PdoJCy8yp6ArbyqdFX2MxQVxRjdl1yLXZf4JQRNwgr9Vnej3U75MVNmdAIuGlpGnZn1Pdj+LWyUgAQmsiYCOxppAD+Qymtk2Ad5mPjMm3i/K0KnHJi2FhQHLMvkr54NJ5Ews5yGFSEs4KbdPPXM/kkxaiIpEhK8SAo7aacqKDeS5T7MuyzC7i8/aOID6D8dGwtsS5CDZbXl9cjhSSZRdCBCVrtt89i5jKgEJSKBFAjoaLd4VbZLAfAQYalXu+eIUmGDLOgWsSP6elJmIm2RbmIB+lZSeEeVBj/U7rpv8lMfIMyemjIrEuhU3D5NNCoEDDl+/NyGCWe+GgVT+XewkAluSbYE77T7+do2ZPgLld5Xeob59rJOABCTQBAEdjSZug0ZI4EAEXpmjPhnthlARTpfx7u9K3T2iDEWh14IQogy3ekvq6rCprN9xVOp5eDkmKb0lzA9JdjJC7wEsywbzxr0srztPiGRCHDPcqO/azCUZ+hwcwvg+NY0r23iLlHFCGMKWrNJDgEU+u+ozJ6NjFghrFy8oAQnMRUBHYy5M7iSBJgn8JFa9O9pNosWpIGpVqnYIkWpwIOjJ4MGECeYMu/rAjr0OHbp0yo+KfjCK4/HlpMwRwWlhHYfuOqkenTAsrWzUGVLYdC8PQ4m4vzHlCMGhZGL1ERsGVPEfsfVZ0TryF6GbGR5E+NZsVioChGXuqvhNGnmqo2EqAQk0R2CdjkZzjdcgCYyAAEOfysX7mI9B2MtZTftqNuA8ECb1Esnz5vhGSXng+1LSTnjIPmMK14kSOpdx9bx5ZpI5E8txSk6bbWMR2l+2hb+Npy8rNpD/fq6J4wj3ZI+QFtb8OMKofVYQKe1NPccwyRkni+AHPZsnXVVH7aLnctJAbLwEJNAuAf4zbdc6LZOABPYiwDCpfyp2YhIzcy6Kqt2yh36YrUQCYnI4vR0s/Hen1L00StSqJDuEMeFMLGeYFeuA/H22Pi76Z9ErRH89OkT5zR6jWxiSgrMz6+80Q756zB5UFUP56DF7W4/VJ03d06N8F32YDojDQpS0zx3OkzAni1SVgAQk0ByBWf+BNWeoBklAAjMJPCRbPh/tZJFF51iHg4c7JkOzYjNx+unxwJnowmqWb9hZ7wEng+3viAFMPie6FW+pH57yNaNDEB54azsZPlbXrbu8m7PzznUbs6Lr0XNDeNvn5fwMp0qyQ26aEr0bfMd+I/nxy94t5Hfa7fV7XcZUAhKQQGsEdDRauyPaI4H9E2CuBUObuiMJaXvqrrBgSmQrejzuk/PQW0L4UXo9GKLFgx9ORTbtENbruGpqHhhlPDlhd3lof2PKOCA8UDIJ/ZIpz2Mn0YhwWniDTzhaelJYG4Q5KTnFUoTJ1/TOdCd7bTLUJdmofCJX73OCiBj2vmwbk+Ag3y0NKh3ZFLcFh5Z7j2NC2xm+N9X/wz6+TeXQIV4InKQom5WABFZAwFMejMBU/0gfjJZHSaBNAvQifLcwjeFLNynKy8z+PCf7bJRoQTgfp0qet8zXSPrgKI5FOawjVYeYuMycD9b+wAFh3gFzS5jwy8JtDN9iKBahTXmY5GHzYTmQnhrWDaG3BqeF0Lw4OswNwdH50+yzTLlWTsZDG9fZz/CzHLYyYZjMDXN2HEk44XQwWf/qqaOcZFRCbxpzT4g8xfe6bhxOJ0OqmF/Ed2bT0cFq+9ZVLp1s5mThdK3r2l5HAhKQwNwEdDTmRuWO+yfgEWsk8OjqWuucREsvwxtyfZyDaydlETHmFtw6+YdGGWPPsKofJ98nJ04lD0q80aaXhDVAHpQ6HJfbJaWHJMkRcrUjahavYF4Kb80XP9PyzsDk/QvndLy15qGSxfrKeTnZNCqhF43vDs7U0Xu07P7Zzpowd05KHuf0AckTWQ1WyY5SygAQNJAhjqSqBCQggaYI6Gg0dTs0RgIHJkB41lcXR58/+d+Nbkp4E/+iXJwHP+Z7XDF5HIqLJWVC+R2T4oTgVLw9eXotWBMk2bmF4Vhz7+yOhwkMI6HnBueUqGf0grHOSd/8jZOnOQQy+JukrMuBc/qI5Pkt0GM2VmeDXq00c1tmOfHbO5iRgAQksAkCOhqboO41JbAaAgw7KRfzanH16A+l6TgWvIXGCSHiEI7H2VJ/nmjniDB0CUcEfXHq+4bRvCT1yvgJvDlNZM2QkyVluFwXlCDFXYWFJ8cakYkhfmXjmT9Vls0PjIDmSmCsBHQ0xnpnbdcUCeBkMGSpa/stk2F+RJLBSOeIMBkbRwS9VaxnbD5Ds45K/oVRHjwZx5+sMhECvLUntDIRqvp6N/ow8L3pqx963UWqBjB8saqyKAEJSGDzBAbsaGwenhZIoDEC34w9DDdJsiVMmr3UVm74H4xJZ1jM9dOU20QZSpNEmSABIi4RUGCvpv9XdvhIdIxSz8lg3s4Y22mbJCCBgRPQ0Rj4DdR8CVQE3l+ViQxVVa2w6KklsB4C9GYR8OAVuRwR1wih/L3kmdtBNK5jkydaVwshimPK0uUn1RnH2nNTNdOiBCQwNAI6GkO7Y9orgd0JEPKz3GMsPRplm8xLgLU2CH1MGOdTBgchnYlOxuRvonMxP4MJ4dk0SsHBKhv21rJQ5y1LQAIS2BQBHY1Nkfe6ElgNASLtsKBZd3bedLLuRFc2lYAEhk/g2WkCEdsYLsm8lWelrEhAAsMhMBlLdTQmc6tt6EQIMJeBMexdc3nTSySnrmwqAQkMnwDDxIjYdro0hUhc5cuFVCkSkIAE2iCgo9HGfdCKeQi4z7wEPlXteM6qbFECEpCABCQgAQmsnICOxsoRewEJrJ1Avc6AEWnWfgumc0FbKgEJSEACEphFQEdjFhnrJTBcAp+pTL9RyseLKhKQgAQkMH4CtlACzRDQ0WjmVmiIBJZGoFxLg5MSiYdFzsirEpCABCQgAQlIYC0EdDQ6zKYSGA+Bz6cpX4+WcreyYF4CEpCABCQgAQmsmoCOxqoJe34JbIbA/XLZj0U7uW4yl40OSjRWAhKQgAQkIIHhEtDRGO6903IJ7EYAJ+P81Q7PSPnkUUUCEpDAQQl4nAQkIIG5CehozI3KHSUwKALHxtrXREs5Xwqvj545qkhAAhKQgAQkMAoC7TZCR6Pde6NlEliUwJ1ygp9ES7lkCh+InjiqSEACEpCABCQggZUR0NFYGVpP3DqBCdj3jbTxudFaTpkK19YIBEUCEpCABCQggdUR0NFYHVvPLIEWCDwsRnwnWsuP6wrLEmiAgCZIQAISkMCICOhojOhm2hQJ9BDAySACVbnpmBQ+FFUkIAEJSEACexBwswQOTkBH4+DsPFICQyHw7Bh6oei9ozeIXiH6i6giAQlIQAISkIAEVkZAR2NFaD2tBBoj8NHY8/joq6M6GYGgSEACEpCABCSwWgI6Gqvl69klIIF2CGiJBCQgAQlIQAJrJKCjsUbYXkoCEpCABCQggZKAeQlIYMwEdDTGfHdtmwQkIAEJSEACEpCABPZDYIn76mgsEaankoAEJCABCUhAAhKQgASOI6CjcRwHPyWwKAGPl4AEJCABCUhAAhIoCOhoFDDMSkACEpDAmAjYFglIQAIS2CQBHY1N0vfaEpCABCQgAQlIYEoEbOukCOhoTOp221gJSEACEpCABCQgAQmsh4COxno4L3oVj5eABCQgAQlIQAISkMCgCOhoDOp2aawEJNAOAS2RgAQkIAEJSGA3Ajoau9FxmwQkIAEJSEACwyGgpRKQQFMEdDSauh0aIwEJSEACEpCABCQggXEQwNEYR0tshQQkIAEJSEACEpCABCTQDAEdjWZuhYZIoCRgXgISkIAEJCABCQybgI7GsO+f1ktAAhKQwLoIeB0JSEACEtgXAR2NfeFyZwlIQAISkIAEJCCBVghoR9sEdDTavj9aJwEJSEACEpCABCQggUES0NEY5G1b1GiPl4AEJCABCUhAAhKQwGoJ6Gislq9nl4AEJDAfAfeSgAQkIAEJjIyAjsbIbqjNkYAEJCABCUhgOQQ8iwQksBgBHY3F+Hm0BCQgAQlIQAISkIAEJNBDYAWORs9VrJKABCQgAQlIQAISkIAEJkVAR2NSt9vGTpaADZeABCQgAQlIQAJrJqCjsWbgXk4CEpCABCQAAVUCEpDA2AnoaIz9Dts+CUhAAhKQgAQkIIF5CLjPkgnoaCwZqKeTgAQkIAEJSEACEpCABA4d0tHwW7A4Ac8gAQlIQAISkIAEJCCBioCORgXEogQkIIExELANEpCABCQggU0T0NHY9B3w+hKQgAQkIAEJTIGAbZTA5AjoaEzulttgCUhAAhKQgAQkIAEJrJ5A+47G6hl4BQlIQAISkIAEJCABCUhgyQR0NJYM1NNJYAoEbKMEJCABCUhAAhLYi4COxl6E3C4BCUhAAhJon4AWSkACEmiOgI5Gc7dEgyQgAQlIQAISkIAEhk/AFuho+B2QgAQkIAEJSEACEpCABJZOQEdj6Ug94aIEPF4CEpCABCQgAQlIYPgEdDSGfw9tgQQkIIFVE/D8EpCABCQggX0T0NHYNzIPkIAEJCABCUhAApsm4PUl0D4BHY3275EWSkACEpCABCQgAQlIYHAEJudoDO4OabAEJCABCUhAAhKQgAQGSEBHY4A3TZMlMDICNkcCEpCABCQggRES0NEY4U21SRKQgAQkIIHFCHi0BCQggcUJ6GgsztAzSEACEpCABCQgAQlIYLUEBnh2HY0B3jRNloAEJCABCUhAAhKQQOsEdDRav0PatygBj5eABCQgAQlIQAIS2AABHY0NQPeSEpCABKZNwNZLQAISkMAUCOhoTOEu20YJSEACEpCABCSwGwG3SWAFBHQ0VgDVU0pAAhKQgAQkIAEJSGDqBHQ0FvsGeLQEJCABCUhAAhKQgAQk0ENAR6MHilUSkMCQCWi7BCQgAQlIQAItENDRaOEuaIMEJCABCUhgzARsmwQkMEkCOhqTvO02WgISkIAEJCABCUhgygTW0XYdjXVQ9hoSkIAEJCABCUhAAhKYGAEdjYndcJu7KAGPl4AEJCABCUhAAhKYh4COxjyU3EcCEpCABNoloGUSkIAEJNAkAR2NJm+LRklAAhKQgAQkIIHhEtByCUBARwMKqgQkIAEJSEACEpCABCSwVAI6GkvFuejJPF4CEpCABCQgAQlIQALjIKCjMY77aCskIIFVEfC8EpCABCQgAQkciICOxoGweZAEJCABCUhAApsi4HUlIIFhENDRGMZ90koJSEACEpCABCQgAQm0SqDXLh2NXixWSkACEpCABCQgAQlIQAKLENDRWISex0pgUQIeLwEJSEACEpCABEZKQEdjpDfWZkmTeqUaAAAC8klEQVRAAhKQwMEIeJQEJCABCSyHgI7Gcjh6FglIQAISkIAEJCCB1RDwrAMloKMx0Bun2RKQgAQkIAEJSEACEmiZgI5Gy3dnUds8XgISkIAEJCABCUhAAhsioKOxIfBeVgISmCYBWy0BCUhAAhKYCgEdjancadspAQlIQAISkEAfAeskIIEVEdDRWBFYTysBCUhAAhKQgAQkIIEpEzi4ozFlarZdAhKQgAQkIAEJSEACEtiVgI7GrnjcKIFhEdBaCUhAAhKQgAQk0AoBHY1W7oR2SEACEpDAGAnYJglIQAKTJaCjMdlbb8MlIAEJSEACEpDAFAnY5nUR0NFYF2mvIwEJSEACEpCABCQggQkR0NGY0M1etKkeLwEJSEACEpCABCQggXkJ6GjMS8r9JCABCbRHQIskIAEJSEACzRLQ0Wj21miYBCQgAQlIQALDI6DFEpBAR0BHoyNhKgEJSEACEpCABCQgAQksjUAzjsbSWuSJJCABCUhAAhKQgAQkIIGNE9DR2Pgt0AAJNEtAwyQgAQlIQAISkMCBCehoHBidB0pAAhKQgATWTcDrSUACEhgOAR2N4dwrLZWABCQgAQlIQAISaI2A9swkoKMxE40bJCABCUhAAhKQgAQkIIGDEtDROCg5j1uUgMdLQAISkIAEJCABCYyYgI7GiG+uTZOABCSwPwLuLQEJSEACElgeAR2N5bH0TBKQgAQkIAEJSGC5BDybBAZMQEdjwDdP0yUgAQlIQAISkIAEJNAqgbE6Gq3y1i4JSEACEpCABCQgAQlMgoCOxiRus42UQAsEtEECEpCABCQggSkR0NGY0t22rRKQgAQkIIGSgHkJSEACKySgo7FCuJ5aAhKQgAQkIAEJSEAC+yEwpn11NMZ0N22LBCQgAQlIQAISkIAEGiGgo9HIjdCMRQl4vAQkIAEJSEACEpBASwR0NFq6G9oiAQlIYEwEbIsEJCABCUyagI7GpG+/jZeABCQgAQlIYEoEbKsE1kngvwEAAP//mFYWiwAAAAZJREFUAwCpo7wddklTtQAAAABJRU5ErkJggg==', 'Follow tiktoknya', 2, '2025-09-09 08:02:15', '2025-09-09 08:02:15'),
(6, 'Ellis Mayasari', NULL, 'Meeting', '2025-08-23', NULL, NULL, 'farah.lailasari@example.org', 3, NULL, NULL, 'Totam rem officia voluptatum consequatur ut.', 1, '2025-09-09 10:40:42', '2025-09-09 10:40:42'),
(7, 'Liman Viktor Permadi', 'Kominfo', 'Audiensi', '2025-08-26', NULL, NULL, NULL, 3, NULL, NULL, NULL, 2, '2025-09-09 10:40:42', '2025-09-09 10:40:42'),
(8, 'Ayu Sari Sudiati M.Farm', NULL, 'Meeting', '2025-09-04', '08:47:00', NULL, NULL, 4, NULL, NULL, 'Tempore reiciendis eum architecto corporis nam aliquid.', 1, '2025-09-09 10:40:42', '2025-09-09 10:40:42'),
(9, 'Vanya Lailasari S.Kom', 'UGM', 'Kunjungan kerja', '2025-08-22', '19:53:00', NULL, NULL, 2, NULL, NULL, 'Est fuga nostrum et corporis nulla.', 1, '2025-09-09 10:40:42', '2025-09-09 10:40:42'),
(10, 'Lembah Gilang Najmudin S.Gz', NULL, 'Kunjungan kerja', '2025-08-19', '08:30:00', NULL, 'padmasari.mustika@example.com', 4, NULL, NULL, 'Omnis sapiente excepturi perferendis suscipit et repellendus dolores.', 2, '2025-09-09 10:40:42', '2025-09-09 10:40:42'),
(11, 'Adinata Simbolon', NULL, 'Koordinasi proyek', '2025-07-12', '13:07:00', NULL, NULL, 2, NULL, NULL, 'Odio a in perspiciatis est doloremque nam.', 1, '2025-09-09 10:40:42', '2025-09-09 10:40:42'),
(12, 'Emin Salahudin', NULL, 'Meeting', '2025-08-21', '22:33:00', '(+62) 957 9026 551', NULL, 2, NULL, NULL, 'Nisi sapiente ipsum at debitis.', 2, '2025-09-09 10:40:42', '2025-09-09 10:40:42'),
(13, 'Tania Oktaviani M.Farm', 'UKDW', 'Audiensi', '2025-09-01', NULL, '0926 2184 403', 'pratama.gading@example.net', 2, NULL, NULL, NULL, 1, '2025-09-09 10:40:42', '2025-09-09 10:40:42'),
(14, 'Rahmi Maryati', NULL, 'Meeting', '2025-07-20', NULL, '(+62) 991 1465 615', 'dsuartini@example.net', 1, NULL, NULL, 'Omnis rerum voluptas ab ea rerum enim.', 2, '2025-09-09 10:40:42', '2025-09-09 10:40:42'),
(15, 'Kamila Rahimah S.E.I', NULL, 'Audiensi', '2025-09-03', NULL, NULL, NULL, 4, NULL, NULL, 'Pariatur sed consectetur et qui est sed.', 2, '2025-09-09 10:40:42', '2025-09-09 10:40:42'),
(16, 'Dina Jessica Usamah S.Ked', 'Pemda DIY', 'Pengiriman dokumen', '2025-09-08', '05:55:00', NULL, 'usamah.pangeran@example.com', 2, NULL, NULL, NULL, 2, '2025-09-09 10:40:42', '2025-09-09 10:40:42'),
(17, 'Karma Endra Suryono', NULL, 'Pengiriman dokumen', '2025-08-24', NULL, '(+62) 914 5817 9973', 'padmi.hakim@example.org', 4, NULL, NULL, NULL, 2, '2025-09-09 10:40:42', '2025-09-09 10:40:42'),
(18, 'Teddy Kurniawan', 'PT Telkom', 'Audiensi', '2025-07-30', '08:05:00', '0407 3783 2812', 'janet15@example.com', 1, NULL, NULL, NULL, 2, '2025-09-09 10:40:42', '2025-09-09 10:40:42'),
(19, 'Diana Winarsih S.I.Kom', 'PT Telkom', 'Pengiriman dokumen', '2025-09-02', '13:53:00', '(+62) 21 4477 7600', NULL, 1, NULL, NULL, NULL, 1, '2025-09-09 10:40:42', '2025-09-09 10:40:42'),
(20, 'Nadine Ina Lailasari', NULL, 'Interview', '2025-09-09', NULL, '(+62) 392 9264 873', 'najmudin.tri@example.net', 2, NULL, NULL, NULL, 1, '2025-09-09 10:40:42', '2025-09-09 10:40:42');
INSERT INTO `guests` (`id`, `name`, `institution`, `purpose`, `visit_date`, `visit_time`, `phone`, `email`, `guest_category_id`, `photo`, `signature`, `notes`, `created_by`, `created_at`, `updated_at`) VALUES
(21, 'Ira Nuraini', 'UGM', 'Audiensi', '2025-07-26', NULL, NULL, NULL, 3, NULL, NULL, NULL, 2, '2025-09-09 10:40:42', '2025-09-09 10:40:42'),
(22, 'Dewi Nasyidah', NULL, 'Kunjungan kerja', '2025-07-14', '14:48:00', NULL, NULL, 4, NULL, NULL, 'Exercitationem iusto sit ut ex odit.', 1, '2025-09-09 10:40:42', '2025-09-09 10:40:42'),
(23, 'Heryanto Adika Prasetyo', 'UKDW', 'Interview', '2025-07-19', NULL, '(+62) 370 5575 3746', 'hutagalung.janet@example.com', 1, NULL, NULL, NULL, 1, '2025-09-09 10:40:42', '2025-09-09 10:40:42'),
(24, 'Galih Dabukke', 'UNY', 'Pengiriman dokumen', '2025-08-14', '13:03:00', NULL, 'melani.kartika@example.net', 4, NULL, NULL, NULL, 2, '2025-09-09 10:40:42', '2025-09-09 10:40:42'),
(25, 'Pranawa Hutagalung M.Pd', 'Pertamina', 'Interview', '2025-08-11', '07:08:00', '0449 4287 6361', 'ina81@example.org', 3, NULL, NULL, 'Dolor reprehenderit et qui quo in sequi dicta.', 2, '2025-09-09 10:40:42', '2025-09-09 10:40:42'),
(26, 'Putri Agustina', 'UKDW', 'Koordinasi proyek', '2025-08-28', '20:00:00', '0677 2540 7172', 'gkuswandari@example.org', 3, NULL, NULL, NULL, 1, '2025-09-09 10:40:42', '2025-09-09 10:40:42'),
(27, 'Zalindra Mulyani S.Gz', NULL, 'Meeting', '2025-07-27', '00:58:00', '0559 8592 8769', NULL, 1, NULL, NULL, 'Eum in sit assumenda facilis et voluptates dolor.', 1, '2025-09-09 10:40:42', '2025-09-09 10:40:42'),
(28, 'Ade Halimah', NULL, 'Kunjungan kerja', '2025-07-29', '07:14:00', '0615 7564 7303', NULL, 2, NULL, NULL, NULL, 2, '2025-09-09 10:40:42', '2025-09-09 10:40:42'),
(29, 'Embuh Siregar', NULL, 'Meeting', '2025-08-16', NULL, NULL, 'zulfa.sihotang@example.net', 4, NULL, NULL, 'Quasi voluptatem sit iusto ut consectetur.', 1, '2025-09-09 10:40:42', '2025-09-09 10:40:42'),
(30, 'Balamantri Marpaung S.Sos', 'PT Telkom', 'Audiensi', '2025-07-28', '01:13:00', '0563 0552 619', 'maryadi.sihotang@example.com', 3, NULL, NULL, NULL, 2, '2025-09-09 10:40:42', '2025-09-09 10:40:42'),
(31, 'Karimah Permata', 'Kemenkes', 'Kunjungan kerja', '2025-08-24', NULL, NULL, 'ghardiansyah@example.org', 1, NULL, NULL, 'Iusto deserunt quia provident rerum qui nam dolore quaerat.', 2, '2025-09-09 10:40:42', '2025-09-09 10:40:42'),
(32, 'Putri Fujiati', 'Pertamina', 'Kunjungan kerja', '2025-07-12', '05:28:00', '(+62) 894 692 083', NULL, 1, NULL, NULL, NULL, 2, '2025-09-09 10:40:42', '2025-09-09 10:40:42'),
(33, 'Maria Devi Riyanti S.T.', NULL, 'Interview', '2025-09-02', NULL, NULL, NULL, 3, NULL, NULL, 'Tempora natus inventore est.', 1, '2025-09-09 10:40:42', '2025-09-09 10:40:42'),
(34, 'Ina Riyanti', NULL, 'Pengiriman dokumen', '2025-07-28', NULL, NULL, NULL, 3, NULL, NULL, NULL, 1, '2025-09-09 10:40:42', '2025-09-09 10:40:42'),
(35, 'Yulia Irma Pudjiastuti S.Pt', NULL, 'Koordinasi proyek', '2025-07-24', '17:19:00', NULL, NULL, 1, NULL, NULL, NULL, 1, '2025-09-09 10:40:42', '2025-09-09 10:40:42'),
(36, 'Ganep Santoso', NULL, 'Meeting', '2025-07-29', NULL, '(+62) 836 8075 0744', 'prabowo.farah@example.org', 2, NULL, NULL, NULL, 2, '2025-09-09 10:40:42', '2025-09-09 10:40:42'),
(37, 'Ami Astuti', NULL, 'Koordinasi proyek', '2025-07-31', NULL, '(+62) 573 0930 6224', 'cengkal15@example.net', 2, NULL, NULL, NULL, 2, '2025-09-09 10:40:42', '2025-09-09 10:40:42'),
(38, 'Kamal Raden Mangunsong S.Kom', 'Pemda DIY', 'Kunjungan kerja', '2025-09-07', NULL, NULL, 'rnasyidah@example.net', 1, NULL, NULL, 'Iste eos quidem accusamus ullam dolores et.', 2, '2025-09-09 10:40:42', '2025-09-09 10:40:42'),
(39, 'Gabriella Siti Yolanda', NULL, 'Kunjungan kerja', '2025-08-20', NULL, NULL, 'endra09@example.com', 1, NULL, NULL, NULL, 1, '2025-09-09 10:40:42', '2025-09-09 10:40:42'),
(40, 'Rachel Ani Susanti S.Sos', NULL, 'Kunjungan kerja', '2025-08-04', '22:11:00', NULL, NULL, 3, NULL, NULL, NULL, 1, '2025-09-09 10:40:42', '2025-09-09 10:40:42'),
(41, 'Danang Ajimin Sirait', NULL, 'Kunjungan kerja', '2025-08-14', '02:22:00', '(+62) 26 6137 0940', NULL, 4, NULL, NULL, 'Quia at eveniet inventore cupiditate rerum officiis.', 1, '2025-09-09 10:40:42', '2025-09-09 10:40:42'),
(42, 'Ulya Fujiati', 'UKDW', 'Pengiriman dokumen', '2025-08-05', '17:30:00', NULL, 'gada.hartati@example.org', 4, NULL, NULL, 'Voluptas debitis est ut ut et optio.', 1, '2025-09-09 10:40:42', '2025-09-09 10:40:42'),
(43, 'Widya Suryatmi', NULL, 'Audiensi', '2025-09-03', NULL, '(+62) 239 6131 6116', NULL, 4, NULL, NULL, NULL, 1, '2025-09-09 10:40:42', '2025-09-09 10:40:42'),
(44, 'Sadina Haryanti S.Ked', 'BRI', 'Kunjungan kerja', '2025-08-23', '20:40:00', '(+62) 670 0142 0267', NULL, 2, NULL, NULL, 'Doloremque unde quo tempore similique ut inventore ea.', 2, '2025-09-09 10:40:42', '2025-09-09 10:40:42'),
(45, 'Lalita Usamah S.Gz', NULL, 'Pengiriman dokumen', '2025-07-13', NULL, NULL, NULL, 3, NULL, NULL, NULL, 1, '2025-09-09 10:40:42', '2025-09-09 10:40:42'),
(46, 'Sakura Farida S.E.I', 'UGM', 'Pengiriman dokumen', '2025-08-20', '01:51:00', NULL, 'oprasasta@example.net', 3, NULL, NULL, 'Possimus aliquid dolores ex omnis dolore exercitationem et est.', 2, '2025-09-09 10:40:42', '2025-09-09 10:40:42'),
(47, 'Ulya Winarsih', NULL, 'Pengiriman dokumen', '2025-08-20', NULL, '0975 7079 540', 'cecep.pradipta@example.org', 2, NULL, NULL, NULL, 2, '2025-09-09 10:40:42', '2025-09-09 10:40:42'),
(48, 'Zalindra Lestari', NULL, 'Audiensi', '2025-08-24', NULL, NULL, 'tarihoran.fitria@example.org', 4, NULL, NULL, NULL, 2, '2025-09-09 10:40:42', '2025-09-09 10:40:42'),
(49, 'Ajimat Jailani', NULL, 'Interview', '2025-07-27', NULL, '(+62) 318 5718 1077', NULL, 4, NULL, NULL, 'Molestias sed vel aut et.', 1, '2025-09-09 10:40:42', '2025-09-09 10:40:42'),
(50, 'Genta Padmasari', 'UGM', 'Audiensi', '2025-08-09', '06:42:00', '(+62) 663 6587 102', NULL, 4, NULL, NULL, NULL, 1, '2025-09-09 10:40:42', '2025-09-09 10:40:42'),
(51, 'Titi Yulianti S.H.', NULL, 'Audiensi', '2025-08-21', '15:59:00', NULL, 'qnainggolan@example.net', 3, NULL, NULL, 'Fugit id ea vero assumenda.', 1, '2025-09-09 10:40:42', '2025-09-09 10:40:42'),
(52, 'Paulin Ghaliyati Lestari', NULL, 'Audiensi', '2025-07-29', NULL, '(+62) 902 6704 1043', NULL, 3, NULL, NULL, 'Accusantium ea odit et pariatur tenetur impedit.', 1, '2025-09-09 10:40:42', '2025-09-09 10:40:42'),
(53, 'Jamalia Ifa Handayani', 'Pertamina', 'Audiensi', '2025-07-24', '23:42:00', NULL, NULL, 1, NULL, NULL, NULL, 1, '2025-09-09 10:40:42', '2025-09-09 10:40:42'),
(54, 'Lukita Kasusra Salahudin', NULL, 'Kunjungan kerja', '2025-09-08', NULL, NULL, 'bmulyani@example.org', 2, NULL, NULL, 'Quaerat quisquam quos adipisci voluptatem tempore.', 1, '2025-09-09 10:40:42', '2025-09-09 10:40:42'),
(55, 'Ade Paris Palastri', 'Kominfo', 'Pengiriman dokumen', '2025-08-15', NULL, '(+62) 284 8643 916', NULL, 4, NULL, NULL, 'Rerum et quaerat ipsam nulla ad sapiente aliquid.', 1, '2025-09-09 10:40:42', '2025-09-09 10:40:42');

-- --------------------------------------------------------

--
-- Struktur dari tabel `guest_categories`
--

CREATE TABLE `guest_categories` (
  `id` bigint(20) UNSIGNED NOT NULL,
  `name` varchar(255) NOT NULL,
  `description` varchar(255) DEFAULT NULL,
  `created_at` timestamp NULL DEFAULT NULL,
  `updated_at` timestamp NULL DEFAULT NULL
) ENGINE=InnoDB DEFAULT CHARSET=utf8mb4 COLLATE=utf8mb4_unicode_ci;

--
-- Dumping data untuk tabel `guest_categories`
--

INSERT INTO `guest_categories` (`id`, `name`, `description`, `created_at`, `updated_at`) VALUES
(1, 'Umum', 'Tamu umum/masyarakat', '2025-09-09 07:29:10', '2025-09-09 07:29:10'),
(2, 'Mitra', 'Tamu dari perusahaan mitra', '2025-09-09 07:29:10', '2025-09-09 07:29:10'),
(3, 'VIP', 'Tamu VIP/pejabat', '2025-09-09 07:29:10', '2025-09-09 07:29:10'),
(4, 'Internal', 'Tamu internal/karyawan', '2025-09-09 07:29:10', '2025-09-09 07:29:10');

-- --------------------------------------------------------

--
-- Struktur dari tabel `migrations`
--

CREATE TABLE `migrations` (
  `id` int(10) UNSIGNED NOT NULL,
  `migration` varchar(255) NOT NULL,
  `batch` int(11) NOT NULL
) ENGINE=InnoDB DEFAULT CHARSET=utf8mb4 COLLATE=utf8mb4_unicode_ci;

--
-- Dumping data untuk tabel `migrations`
--

INSERT INTO `migrations` (`id`, `migration`, `batch`) VALUES
(1, '2014_10_12_000000_create_users_table', 1),
(2, '2014_10_12_100000_create_password_reset_tokens_table', 1),
(3, '2019_08_19_000000_create_failed_jobs_table', 1),
(4, '2019_12_14_000001_create_personal_access_tokens_table', 1),
(5, '2025_09_09_120048_create_guest_categories_table', 1),
(6, '2025_09_09_120057_create_guests_table', 1),
(7, '2025_09_09_120105_add_role_to_users_table', 1);

-- --------------------------------------------------------

--
-- Struktur dari tabel `password_reset_tokens`
--

CREATE TABLE `password_reset_tokens` (
  `email` varchar(255) NOT NULL,
  `token` varchar(255) NOT NULL,
  `created_at` timestamp NULL DEFAULT NULL
) ENGINE=InnoDB DEFAULT CHARSET=utf8mb4 COLLATE=utf8mb4_unicode_ci;

-- --------------------------------------------------------

--
-- Struktur dari tabel `personal_access_tokens`
--

CREATE TABLE `personal_access_tokens` (
  `id` bigint(20) UNSIGNED NOT NULL,
  `tokenable_type` varchar(255) NOT NULL,
  `tokenable_id` bigint(20) UNSIGNED NOT NULL,
  `name` varchar(255) NOT NULL,
  `token` varchar(64) NOT NULL,
  `abilities` text DEFAULT NULL,
  `last_used_at` timestamp NULL DEFAULT NULL,
  `expires_at` timestamp NULL DEFAULT NULL,
  `created_at` timestamp NULL DEFAULT NULL,
  `updated_at` timestamp NULL DEFAULT NULL
) ENGINE=InnoDB DEFAULT CHARSET=utf8mb4 COLLATE=utf8mb4_unicode_ci;

-- --------------------------------------------------------

--
-- Struktur dari tabel `users`
--

CREATE TABLE `users` (
  `id` bigint(20) UNSIGNED NOT NULL,
  `name` varchar(255) NOT NULL,
  `email` varchar(255) NOT NULL,
  `role` enum('admin','receptionist') NOT NULL DEFAULT 'receptionist',
  `email_verified_at` timestamp NULL DEFAULT NULL,
  `password` varchar(255) NOT NULL,
  `remember_token` varchar(100) DEFAULT NULL,
  `created_at` timestamp NULL DEFAULT NULL,
  `updated_at` timestamp NULL DEFAULT NULL
) ENGINE=InnoDB DEFAULT CHARSET=utf8mb4 COLLATE=utf8mb4_unicode_ci;

--
-- Dumping data untuk tabel `users`
--

INSERT INTO `users` (`id`, `name`, `email`, `role`, `email_verified_at`, `password`, `remember_token`, `created_at`, `updated_at`) VALUES
(1, 'Administrator', 'admin@bukutamu.com', 'admin', NULL, '$2y$10$Fkv./EsvZ2dsiVcuo2jJWOub6Lb3APQhraJOjC0U.ChGRHlNi7QOK', NULL, '2025-09-09 07:29:10', '2025-09-09 07:29:10'),
(2, 'Resepsionis', 'resepsionis@bukutamu.com', 'receptionist', NULL, '$2y$10$KehzGtSRKJ.CqLgdCQWJv.PqnKhAsYCJQxeGYAN.7D8Zj5n8KVtcm', NULL, '2025-09-09 07:29:10', '2025-09-09 07:29:10');

--
-- Indexes for dumped tables
--

--
-- Indeks untuk tabel `failed_jobs`
--
ALTER TABLE `failed_jobs`
  ADD PRIMARY KEY (`id`),
  ADD UNIQUE KEY `failed_jobs_uuid_unique` (`uuid`);

--
-- Indeks untuk tabel `guests`
--
ALTER TABLE `guests`
  ADD PRIMARY KEY (`id`),
  ADD KEY `guests_guest_category_id_foreign` (`guest_category_id`),
  ADD KEY `guests_created_by_foreign` (`created_by`);

--
-- Indeks untuk tabel `guest_categories`
--
ALTER TABLE `guest_categories`
  ADD PRIMARY KEY (`id`);

--
-- Indeks untuk tabel `migrations`
--
ALTER TABLE `migrations`
  ADD PRIMARY KEY (`id`);

--
-- Indeks untuk tabel `password_reset_tokens`
--
ALTER TABLE `password_reset_tokens`
  ADD PRIMARY KEY (`email`);

--
-- Indeks untuk tabel `personal_access_tokens`
--
ALTER TABLE `personal_access_tokens`
  ADD PRIMARY KEY (`id`),
  ADD UNIQUE KEY `personal_access_tokens_token_unique` (`token`),
  ADD KEY `personal_access_tokens_tokenable_type_tokenable_id_index` (`tokenable_type`,`tokenable_id`);

--
-- Indeks untuk tabel `users`
--
ALTER TABLE `users`
  ADD PRIMARY KEY (`id`),
  ADD UNIQUE KEY `users_email_unique` (`email`);

--
-- AUTO_INCREMENT untuk tabel yang dibuang
--

--
-- AUTO_INCREMENT untuk tabel `failed_jobs`
--
ALTER TABLE `failed_jobs`
  MODIFY `id` bigint(20) UNSIGNED NOT NULL AUTO_INCREMENT;

--
-- AUTO_INCREMENT untuk tabel `guests`
--
ALTER TABLE `guests`
  MODIFY `id` bigint(20) UNSIGNED NOT NULL AUTO_INCREMENT, AUTO_INCREMENT=56;

--
-- AUTO_INCREMENT untuk tabel `guest_categories`
--
ALTER TABLE `guest_categories`
  MODIFY `id` bigint(20) UNSIGNED NOT NULL AUTO_INCREMENT, AUTO_INCREMENT=5;

--
-- AUTO_INCREMENT untuk tabel `migrations`
--
ALTER TABLE `migrations`
  MODIFY `id` int(10) UNSIGNED NOT NULL AUTO_INCREMENT, AUTO_INCREMENT=8;

--
-- AUTO_INCREMENT untuk tabel `personal_access_tokens`
--
ALTER TABLE `personal_access_tokens`
  MODIFY `id` bigint(20) UNSIGNED NOT NULL AUTO_INCREMENT;

--
-- AUTO_INCREMENT untuk tabel `users`
--
ALTER TABLE `users`
  MODIFY `id` bigint(20) UNSIGNED NOT NULL AUTO_INCREMENT, AUTO_INCREMENT=3;

--
-- Ketidakleluasaan untuk tabel pelimpahan (Dumped Tables)
--

--
-- Ketidakleluasaan untuk tabel `guests`
--
ALTER TABLE `guests`
  ADD CONSTRAINT `guests_created_by_foreign` FOREIGN KEY (`created_by`) REFERENCES `users` (`id`) ON DELETE CASCADE,
  ADD CONSTRAINT `guests_guest_category_id_foreign` FOREIGN KEY (`guest_category_id`) REFERENCES `guest_categories` (`id`) ON DELETE CASCADE;
COMMIT;

/*!40101 SET CHARACTER_SET_CLIENT=@OLD_CHARACTER_SET_CLIENT */;
/*!40101 SET CHARACTER_SET_RESULTS=@OLD_CHARACTER_SET_RESULTS */;
/*!40101 SET COLLATION_CONNECTION=@OLD_COLLATION_CONNECTION */;
